Longitude,Latitude,Previous_UHI,New_UHI,Difference
-73.910895,40.82208667,1.0016833901050004,1.0118924420609832,0.010209051955982762
-73.88591667,40.80491833,1.008644599481628,1.0012731613334398,0.007371438148188192
-73.95983667,40.80953,0.9676156993350018,0.9740027819006953,0.006387082565693536
-73.911665,40.82198,1.0380794783049967,1.0324785295870402,0.0056009487179564665
-73.89132167,40.81432167,1.018507475444999,1.0228666343864785,0.004359158941479535
-73.91312333,40.83861167,1.0002168720250018,1.0044688087258744,0.004251936700872649
-73.91512167,40.81474,1.017869328179413,1.02197787217742,0.004108543998007086
-73.92512667,40.84229167,0.9869881600800012,0.9910378580641918,0.004049697984190526
-73.95317667,40.81086667,1.0044902087350007,1.0006596440836644,0.0038305646513363545
-73.91556667,40.83522167,0.991959290739202,0.9955979026465565,0.003638611907354483
-73.89464833,40.809025,0.9984492089871276,0.9948613744300916,0.0035878345570360404
-73.88595,40.80504,1.0031188329440142,0.9995345788353067,0.003584254108707441
-73.91938833,40.81380333,1.0371359166185463,1.0407178130470758,0.003581896428529463
-73.94363333,40.80163333,1.0109404441920062,1.0074750002434647,0.0034654439485415356
-73.91735333,40.83290167,1.002179241214996,0.9987556120017677,0.003423629213228252
-73.91829333,40.81559833,1.0235573450000002,1.0269225256854844,0.0033651806854841926
-73.929665,40.85748,1.0123997891499972,1.0157354250994128,0.0033356359494156607
-73.962185,40.80231667,0.9932027579788536,0.9899162232670644,0.0032865347117891908
-73.90390667,40.80835167,0.9968649170450032,0.9937510182270659,0.003113898817937333
-73.98883667,40.769325,0.9921071484650028,0.9952175948368809,0.003110446371878073
-73.88758833,40.82077167,0.9965872407850032,0.9996641673304276,0.003076926545424463
-73.89131167,40.814285,1.0183884068386648,1.02139138115273,0.0030029743140651544
-73.88612167,40.805795,0.9958701924500508,0.998826279878144,0.002956087428093168
-73.94890167,40.80167,0.999764895800001,1.0026537188215459,0.0028888230215448063
-73.894965,40.80901833,0.9952078722449984,0.9923440351255425,0.0028638371194559253
-73.891795,40.82432,1.0313755681500043,1.0285312310070769,0.0028443371429274222
-73.93244833,40.79610667,0.9916569755699974,0.9888188123064303,0.0028381632635671172
-73.95443833,40.797615,0.984415142115002,0.9872509565238544,0.0028358144088523884
-73.94679,40.78497667,1.0055474240549973,1.0027546320401364,0.002792792014860934
-73.888725,40.82527167,1.001957420334625,1.0047352897088364,0.002777869374211317
-73.96702333,40.79345333,0.9825428501259306,0.9853170445258193,0.0027741943998886853
-73.90675333,40.83162167,1.0050455630000028,1.0078155643598223,0.0027700013598195294
-73.93549,40.799435,0.9999632705574332,0.9971983534085029,0.002764917148930235
-73.885985,40.80516167,0.9977496934266296,1.0004984652514668,0.0027487718248372373
-73.889095,40.80635667,1.0164026619049948,1.0136863638220208,0.0027162980829740224
-73.95757833,40.76121,0.988773799108106,0.9860665494894765,0.002707249618629559
-73.93084667,40.81395,1.0391577294949976,1.036468478880021,0.0026892506149767126
-73.99162667,40.77018333,1.017068003850002,1.0197537496703697,0.0026857458203677353
-73.93136667,40.85893667,1.019657249294996,1.0170122411654756,0.0026450081295203987
-73.946495,40.785135,0.9921726708298187,0.9947651369788995,0.0025924661490807077
-73.91909667,40.814215,1.034671627845002,1.032083008129473,0.00258861971552915
-73.93475833,40.7991,0.9912320459699966,0.9938191270022053,0.0025870810322087268
-73.95703667,40.7632,1.001447893707914,0.9989100015024344,0.0025378922054797304
-73.96785833,40.76284333,1.0072044693000015,1.0097389894934594,0.002534520193457901
-73.9536,40.80364333,1.0076498162554763,1.0051185756578354,0.0025312405976409824
-73.94311667,40.80235333,1.0054253808047624,1.0029294808435936,0.002495899961168835
-73.88917833,40.806535,1.0072741887449976,1.0097426890257282,0.0024685002807305345
-73.90356167,40.817495,0.9876673255900024,0.9901316227612854,0.0024642971712830475
-73.91649,40.834185,1.0043289925300134,1.0018668005764393,0.002462191953574111
-73.95005,40.82799667,1.0089121746730254,1.01135789137938,0.002445716706354517
-73.92854167,40.80894167,1.0396849572261366,1.03724508760882,0.002439869617316681
-73.89967667,40.83744,1.0083271967499994,1.005916016078183,0.0024111806718163376
-73.92028833,40.82208167,1.0240471863299974,1.0216405386937064,0.0024066476362909484
-73.95308667,40.80337333,1.0140862846199972,1.01169291581649,0.0023933688035071565
-73.91806833,40.83678667,0.9843340029149976,0.9819500566865528,0.0023839462284448443
-73.95996333,40.79833667,0.9732070836590958,0.9755486401083974,0.002341556449301563
-73.92855167,40.83437667,1.0103471948457774,1.0080098115922411,0.0023373832535362737
-73.903805,40.81188,0.9963991173599978,0.9940792799273636,0.0023198374326341975
-73.941705,40.790355,0.9774143227350004,0.9797338480855307,0.0023195253505302604
-73.91538833,40.83536667,1.0022727004710177,0.9999532781242554,0.002319422346762301
-73.887645,40.82072333,0.9979371583400034,1.0002564507570124,0.0023192924170090112
-73.95398833,40.79501,1.008538760224999,1.0062599432933013,0.002278816931697847
-73.94967,40.80212,1.0054031768350014,1.0076597796700382,0.002256602835036814
-73.91688167,40.81824167,1.0206309210299982,1.0183779746070378,0.002252946422960367
-73.95860333,40.76001667,0.9959483432299964,0.9937077176490703,0.002240625580926081
-73.95771833,40.82165333,1.0034480199100044,1.005683038033462,0.0022350181234576105
-73.89753667,40.81623167,1.0054392411443545,1.0076659548438964,0.002226713699541971
-73.94262,40.80300167,1.0041890917549976,1.006393992162952,0.002204900407954291
-73.91789333,40.83208833,0.992312112825533,0.9945151271686031,0.002203014343070131
-73.958745,40.77490333,1.0065517485499986,1.0043609803920677,0.0021907681579309557
-73.92724333,40.83541667,0.9928061483150028,0.9949963045008807,0.002190156185877923
-73.96771833,40.801715,1.003548992744998,1.0013974062375723,0.002151586507425751
-73.87980333,40.80564167,0.9940340489143858,0.9961795162285447,0.0021454673141588776
-73.91717,40.83334167,0.9959518990974924,0.9980878308236626,0.002135931726170215
-73.95475667,40.79444,1.001946641849996,0.9998223176811489,0.0021243241688471137
-73.91979,40.83454333,0.9981150633750032,1.0002338454985757,0.002118782123572527
-73.95026,40.82633333,1.0118225675433508,1.0139330231945791,0.00211045565122836
-73.90721167,40.81302833,1.007075848460002,1.00918054868298,0.002104700222977929
-73.91757833,40.84419667,0.9873181266849962,0.9894195049511163,0.002101378266120113
-73.958805,40.81604167,1.003673876557454,1.0057730072542441,0.00209913069679013
-73.91556,40.814055,1.0124562862500035,1.0145342355200762,0.0020779492700726543
-73.94826333,40.79514333,0.9930303729650024,0.9950954839377473,0.0020651109727448658
-73.88531167,40.81359,1.0173426757499984,1.0153002029112033,0.0020424728387951063
-73.88721,40.82098,1.0007211375500031,1.002753598181299,0.002032460631295807
-73.91319,40.83864333,1.016019735482445,1.0139927622101352,0.002026973272309718
-73.92630833,40.834865,0.995081054230001,0.9971023720613661,0.002021317831365055
-73.958945,40.75958833,0.9921486402779364,0.9901273761325562,0.002021264145380175
-73.95461833,40.79562833,0.990033996959539,0.9920493433505004,0.002015346390961459
-73.970135,40.794275,0.9824407527599957,0.9844533592185858,0.002012606458590138
-73.932395,40.85924333,1.022074599380001,1.0200671342177563,0.0020074651622445927
-73.90311167,40.809555,0.987458166795004,0.9894649908910993,0.0020068240960953165
-73.95730833,40.81173833,0.9899968733449888,0.9879940155404515,0.002002857804537239
-73.88087333,40.80545833,0.9872267023241332,0.9892263689145935,0.0019996665904602473
-73.91987667,40.84351333,1.0087491212849968,1.0067530007136494,0.0019961205713474595
-73.89168,40.823105,1.0163148446378647,1.0143225289757458,0.001992315662118882
-73.92751,40.83609333,1.0116064271500032,1.0096203383253046,0.0019860888246985287
-73.89541,40.81758333,0.9926288442800044,0.9946148466158705,0.0019860023358660994
-73.91732667,40.84535833,0.9905216260249996,0.9924683141164524,0.0019466880914528195
-73.89176333,40.82389167,1.025283509300004,1.0272261122432202,0.0019426029432163539
-73.97289167,40.78512667,0.969216848005002,0.9672767468564787,0.0019401011485232766
-73.88836667,40.81414167,1.0104211913911334,1.0084914688647688,0.0019297225263645856
-73.89813167,40.81011333,0.977328975594998,0.9792586334721689,0.0019296578771709205
-73.91415667,40.81642667,1.0027814757149978,1.0046940947637109,0.0019126190487130934
-73.91676667,40.80406833,0.9939926298683268,0.9958940960444591,0.0019014661761322937
-73.94266,40.78591667,0.9809898616899976,0.9828670755211595,0.0018772138311619058
-73.87953667,40.80615167,0.9909177061750029,0.992789663046683,0.0018719568716801804
-73.89647333,40.83364,1.0009977342482552,0.9991315309788924,0.0018662032693628205
-73.968215,40.76263,1.011293890639996,1.0131477818603334,0.0018538912203374114
-73.96696,40.80363167,1.005186804920001,1.0033438732086903,0.0018429317113106691
-73.91654667,40.84372,0.9951363489400016,0.993296586072559,0.0018397628674425848
-73.91359833,40.83068,1.0185495473400012,1.0203884649830637,0.001838917643062432
-73.954585,40.79564833,0.9903188861145388,0.9921495282285377,0.0018306421139989704
-73.91316,40.827285,0.9924190837450032,0.9942444919892375,0.0018254082442342723
-73.94637333,40.77291833,0.967027890275002,0.9688460619939994,0.0018181717189973412
-73.93246333,40.79813333,0.9959453386199985,0.997748994337631,0.001803655717632524
-73.89827833,40.81907833,1.000643604650003,0.9988510415043846,0.0017925631456182645
-73.92032667,40.833665,1.0083584508000012,1.0065757751396516,0.0017826756603496197
-73.95199333,40.81882333,0.9953633821323123,0.9971385494906255,0.0017751673583131788
-73.95958667,40.79883167,0.9720020505223448,0.9702299719438314,0.0017720785785133586
-73.92539667,40.84013167,1.0157438609382163,1.01399395883171,0.0017499021065063847
-73.94251333,40.78649167,0.9861726786997184,0.9844255285138446,0.0017471501858737915
-73.96004167,40.773365,0.9822790748950022,0.9840260053935674,0.0017469304985652245
-73.89153833,40.82474667,1.0215108313949952,1.023252245697916,0.0017414143029208518
-73.95694833,40.80499,0.9975134304499989,0.995782371135011,0.0017310593149878484
-73.95634833,40.80825667,1.008859711274999,1.0071363763202907,0.0017233349547083332
-73.95488,40.80417,0.9913986186180244,0.9931194005095886,0.001720781891564216
-73.89811667,40.81923333,0.9962164036599976,0.9945003191216882,0.0017160845383094037
-73.96897,40.76510667,0.9919725172950008,0.9936848730207288,0.001712355725728032
-73.96556,40.80860167,1.0167188040199977,1.0150107684247922,0.0017080355952054926
-73.91657,40.83409167,0.998192596324998,0.9998967832906239,0.001704186965625909
-73.91987833,40.803695,1.0169363774700029,1.018638222661833,0.0017018451918300315
-73.97746833,40.78691833,0.9805814292507502,0.9789024803041345,0.0016789489466156882
-73.90352,40.81751,0.9970380145750036,0.9953681254214376,0.0016698891535660287
-73.92314833,40.813085,1.0086914222050023,1.0103550181993937,0.0016635959943913647
-73.92465667,40.843095,0.9803786118549978,0.9820393698753161,0.001660758020318398
-73.93151333,40.82996,1.0251897476600034,1.023536859343062,0.0016528883169413255
-73.97206,40.765805,0.9906232004050016,0.9889755698390774,0.0016476305659242074
-73.957215,40.814255,1.0021161712824331,1.0037614608215193,0.0016452895390861588
-73.94143833,40.8046,1.025028671385002,1.0234001400763246,0.001628531308677461
-73.947025,40.78921333,0.9938850011999976,0.992260824564059,0.0016241766359386123
-73.933035,40.85603167,1.030472818775004,1.0320966672453213,0.0016238484703172684
-73.93543667,40.85721333,1.0322940961070792,1.030682468784463,0.001611627322616327
-73.91233667,40.82942333,0.9927370300300044,0.9943486220552678,0.0016115920252633975
-73.97155833,40.766505,0.9953967030661096,0.9937918596341596,0.0016048434319499982
-73.92833,40.82136167,1.0125897152999968,1.0109858468391795,0.0016038684608172815
-73.954845,40.79424833,0.9919833359149964,0.9935839507296658,0.0016006148146693322
-73.97968333,40.77094667,0.9668421713349984,0.9684419779967535,0.0015998066617550766
-73.95812833,40.82145,1.0206393357049992,1.019040580828375,0.0015987548766243087
-73.909155,40.813145,1.023948507769704,1.0255396561058636,0.0015911483361596979
-73.94718333,40.80845833,1.0314681272299977,1.0298799972848487,0.0015881299451490083
-73.91755,40.84626833,1.0001080855200006,0.9985352002798198,0.0015728852401808435
-73.94821333,40.795215,0.9938218927999984,0.995393968411348,0.0015720756113495327
-73.89825,40.817515,1.004735430155001,1.0031732496136005,0.0015621805414005596
-73.90502167,40.84424,0.9949235844999978,0.9933688126010537,0.0015547718989441517
-73.95702833,40.79038833,0.9735870337448188,0.9751354171715894,0.0015483834267705499
-73.92573667,40.82608167,1.0025482751899977,1.0040963652645833,0.001548090074585673
-73.89152167,40.819655,1.028069893434999,1.0296159271837388,0.0015460337487398501
-73.94478333,40.80008,0.9973283125050044,0.9988711164239599,0.0015428039189554488
-73.92884,40.80909833,1.0335794432232193,1.032037388924686,0.0015420542985331576
-73.92396833,40.84403833,0.9885376201099964,0.9869997158570133,0.0015379042529830578
-73.94646,40.785155,0.9920963397798188,0.9936317256868503,0.0015353859070315057
-73.94795,40.8254,1.0095028149000027,1.0110345071117992,0.0015316922117964982
-73.95302833,40.80334667,1.014685513434997,1.0131541920980405,0.0015313213369565482
-73.90928667,40.8438,0.9952745865150002,0.9937491089070665,0.0015254776079337562
-73.88768667,40.816435,1.0095785455649997,1.0080552901381026,0.00152325542689713
-73.94712167,40.80843333,1.031382780734999,1.0298672287278268,0.0015155520071721273
-73.889,40.80629333,1.0119869377653026,1.0104816591718138,0.0015052785934888124
-73.92208333,40.841025,0.9944848306750004,0.9959846806010516,0.0014998499260512332
-73.92837667,40.834315,1.010040738725002,1.0085421913297818,0.0014985473952202621
-73.97021167,40.78418333,0.9577882260849988,0.9592860234871907,0.0014977974021919138
-73.93818667,40.80339667,1.019950966055783,1.018455933357345,0.0014950326984379814
-73.947835,40.808745,1.0190472376271624,1.0205315183784225,0.0014842807512600587
-73.91882667,40.81456,1.025353829494997,1.0238724324965032,0.0014813969984939224
-73.898605,40.81880333,0.9924990217299972,0.9939781018036712,0.0014790800736740328
-73.94690333,40.82680833,1.015206607669996,1.0137394628170724,0.001467144852923541
-73.91445333,40.80555833,1.031153186824998,1.0296900650455725,0.0014631217794254248
-73.93051833,40.81357667,1.0324393950750008,1.033900441167542,0.0014610460925412738
-73.95818167,40.78188,0.9793081736899985,0.980769150612162,0.001460976922163515
-73.89614833,40.81892,0.9875224717644756,0.9889745331542948,0.001452061389819237
-73.88828333,40.814165,1.00939639656779,1.0079496242343002,0.0014467723334896654
-73.97253333,40.79134,0.9880555920799966,0.986616240188261,0.0014393518917356074
-73.89852833,40.81886667,0.9925296743699964,0.9939667239168546,0.0014370495468581934
-73.91529833,40.81451333,1.017884815478086,1.019320121963608,0.0014353064855221476
-73.928,40.828835,1.0066107538830296,1.0080421588909807,0.0014314050079511365
-73.96359333,40.78273833,0.9699069953814904,0.9684786692021883,0.0014283261793021085
-73.94563,40.81298167,1.0203117730000024,1.0188874790571036,0.00142429394289878
-73.9277,40.83799667,1.0118023631749975,1.0103799967881064,0.001422366386891083
-73.88858,40.82013167,1.005174183220001,1.0065941911473737,0.001420007927372735
-73.91440167,40.83907,1.008699836500001,1.0101192435118385,0.0014194070118374036
-73.94579667,40.781725,0.9758943247717092,0.9773097169737128,0.0014153922020035958
-73.90859833,40.81925333,1.002717811779844,1.0041317514387296,0.001413939658885477
-73.92751833,40.83859333,0.998220352275724,0.9996265140038763,0.001406161728152222
-73.918875,40.8145,1.0264682860273735,1.0250629869569587,0.001405299070414756
-73.95631167,40.80473,0.9979798312399984,0.9965773873108877,0.0014024439291107083
-73.88640667,40.81517667,1.0085898481199993,1.0071973823473372,0.0013924657726620548
-73.95429833,40.81096833,0.991833078265002,0.9932252534826661,0.0013921752176641045
-73.94740833,40.80539333,1.006470621532137,1.0050799225803793,0.0013906989517578072
-73.9097,40.84086667,0.9946813685900018,0.993291454512156,0.001389914077845833
-73.887725,40.81647667,1.0137599240099993,1.0123734327664993,0.0013864912434999876
-73.90041833,40.83100833,1.015285343239997,1.0138990184269798,0.001386324813017259
-73.88511833,40.804805,0.9933867453900032,0.9947728113641032,0.0013860659741000703
-73.94356667,40.776545,0.9777034046626474,0.9763178105942754,0.0013855940683720203
-73.89488,40.81244,1.001636457692838,1.0002516283667746,0.0013848293260634303
-73.914005,40.83562167,0.9939745547499972,0.9953531673030238,0.0013786125530266258
-73.90956,40.84112667,0.9862843513050014,0.9876603366465062,0.0013759853415048484
-73.92003167,40.82197333,1.022177375984999,1.0208067373480585,0.0013706386369405354
-73.91718167,40.83325167,0.997843997824998,0.996474441192906,0.0013695566320920394
-73.95483667,40.794275,0.9959675766750028,0.9946035919342597,0.0013639847407430628
-73.97824333,40.78618,0.978619992444996,0.9799806603172432,0.001360667872247201
-73.90439333,40.808115,0.9939168206664956,0.992558724049083,0.0013580966174125964
-73.91990833,40.83434333,1.0017062292399974,1.000348959817911,0.0013572694220864712
-73.949935,40.82212667,1.004938508745779,1.00629538963985,0.0013568808940711552
-73.93030167,40.83454167,1.0221293614165103,1.0207771231791367,0.0013522382373736264
-73.97859167,40.790915,0.9781265453849972,0.9794765022166569,0.0013499568316597266
-73.919065,40.84354333,0.9934173982999984,0.9920695410722946,0.0013478572277038081
-73.94841667,40.78615167,1.002227925004997,1.000881958414449,0.0013459665905479756
-73.91689667,40.80412167,0.9941741868089022,0.9955100428816785,0.0013358560727763091
-73.95420833,40.77451333,1.0168822852250037,1.0155487555569214,0.0013335296680823117
-73.95585,40.80458667,0.9861117259706544,0.9847789930961156,0.0013327328745388334
-73.94844833,40.79487333,0.9940484818749996,0.9953735546210554,0.0013250727460557554
-73.91352333,40.84501833,1.0107998422600046,1.009480442989823,0.0013193992701816537
-73.97195,40.78476,0.9673445291157584,0.968658603409207,0.0013140742934485417
-73.94485333,40.79999167,0.9975466587656756,0.9988577494747559,0.0013110907090803092
-73.91344333,40.81764833,1.0119289996653338,1.010618252012025,0.0013107476533087414
-73.90694833,40.81372333,1.0106795084671092,1.0093855678408277,0.00129394062628152
-73.93583333,40.85529333,1.0216122999355215,1.0229061083721598,0.0012938084366382885
-73.95899333,40.809555,0.9922037737091186,0.993495465275204,0.00129169156608544
-73.91703333,40.81133333,1.012143159541019,1.0134277314497293,0.0012845719087102303
-73.95094,40.77068333,1.0075404458800012,1.0062573789490352,0.0012830669309660259
-73.89324667,40.84277667,0.9875699588399992,0.9888504978295928,0.0012805389895935715
-73.89597667,40.84400167,0.9994246917217378,0.9981463343433485,0.0012783573783892166
-73.91753833,40.84416833,0.9882611454449972,0.989538787846177,0.0012776424011797793
-73.88737833,40.81410333,0.9967349805193924,0.9980060980111544,0.0012711174917620083
-73.96973667,40.79016,0.9713871747449996,0.9726581416194413,0.0012709668744417257
-73.92142333,40.81104333,1.0264609303299976,1.027722896280379,0.0012619659503814162
-73.90222167,40.80517667,0.9867116855049964,0.9854512085366499,0.0012604769683465245
-73.92874167,40.80898833,1.031189444528814,1.0299342890454497,0.0012551554833641898
-73.9304,40.81352833,1.034091030859999,1.032838686872473,0.00125234398752605
-73.91469833,40.81827167,1.0436175287742604,1.0423655670995593,0.0012519616747010964
-73.90655833,40.80691833,1.0069965981877116,1.0057526361377478,0.0012439620499637982
-73.92761833,40.82505333,0.991473059574996,0.9927108549366663,0.0012377953616703463
-73.894685,40.84391667,0.9951549816,0.9963926020808176,0.0012376204808175473
-73.88520667,40.81315833,1.0186655093761647,1.0174290655591005,0.0012364438170642256
-73.93263833,40.85690667,1.0242232889900005,1.0254573036790093,0.0012340146890088555
-73.919775,40.814825,1.0169459939999974,1.018177613028058,0.001231619028060571
-73.956035,40.77378667,0.9913528534149976,0.9925840303279991,0.0012311769130015637
-73.98854333,40.76914833,0.996191761210002,0.9949606374152382,0.0012311237947637554
-73.91942333,40.81500833,1.0175608501549984,1.0187843786115607,0.0012235284565622617
-73.92188333,40.80452333,1.0167380676342843,1.0179604079593525,0.001222340325068183
-73.96148333,40.75945667,0.9801490178949962,0.9813691187352982,0.0012201008403019964
-73.91175833,40.80445,1.035284679840003,1.0340710242950115,0.001213655544991532
-73.98738167,40.78111,0.9743349115080868,0.975542113314963,0.001207201806876168
-73.906095,40.84464833,0.9950323708100016,0.9962368723831216,0.0012045015731200204
-73.91867167,40.80481167,1.0179701527850007,1.0167672083571873,0.001202944427813435
-73.95832667,40.82126833,1.0163329417550049,1.0175317919952864,0.001198850240281546
-73.93133,40.82969667,1.0349901749249966,1.033793451952565,0.0011967229724316741
-73.92879167,40.80903667,1.0310221380432514,1.0298256034017466,0.0011965346415048206
-73.88392667,40.81553333,0.9997931444649992,1.0009860076851163,0.0011928632201170242
-73.95492333,40.79676667,0.9825669690000022,0.9813768344273215,0.00119013457268069
-73.90973,40.840805,0.9946026334000015,0.9934221308715558,0.0011805025284457038
-73.94762833,40.80501833,1.004227014680001,1.0054068633378708,0.0011798486578697975
-73.89103333,40.82503167,1.026385779077996,1.0252086449063966,0.00117713417159937
-73.9235,40.822655,1.0086553600249974,1.0074831567161373,0.0011722033088601425
-73.93696833,40.85512833,1.0242401173399984,1.0230690003227956,0.0011711170172028496
-73.88209833,40.8127,0.9946170582599976,0.9957879699735634,0.0011709117135658698
-73.95255667,40.786845,0.9905487369539088,0.9893848652394849,0.001163871714423892
-73.957995,40.78214667,0.985400233475002,0.984236978787297,0.001163254687705062
-73.95325333,40.81254,1.0136993931196168,1.0148554635247395,0.0011560704051227777
-73.96563667,40.80862333,1.0161117618699975,1.0149560986284882,0.001155663241509286
-73.98891833,40.76938833,1.0004338093892813,0.9992883212446245,0.0011454881446567589
-73.92711167,40.83684667,1.0111615109315075,1.0100181371061623,0.0011433738253452397
-73.97887167,40.78633833,0.9779118011542642,0.9767687397552217,0.001143061399042522
-73.91447333,40.83909667,1.008559195025001,1.0097007300464567,0.001141535021455642
-73.95013833,40.82800833,1.011765966618572,1.0106262549390446,0.001139711679527533
-73.93839333,40.803095,1.0208201476300978,1.0219549710764417,0.0011348234463439688
-73.95451,40.80401333,0.9916732034400012,0.9928059513654742,0.001132747925473021
-73.97289833,40.76470333,1.0146296172750016,1.0134973422887747,0.0011322749862268111
-73.95584,40.79158,0.9810583788750008,0.9821890195315862,0.0011306406565854132
-73.942,40.80379833,1.020611048964626,1.0194833120713704,0.0011277368932556264
-73.92461167,40.84343167,0.9800222710846882,0.9788946886563252,0.001127582428362972
-73.93841,40.80229333,0.9961538965199976,0.9972796431508095,0.0011257466308118858
-73.95559167,40.796185,0.9763148826760284,0.9774371747377635,0.0011222920617350862
-73.89838333,40.81538333,1.006842647644997,1.0057222242529902,0.0011204233920067974
-73.879635,40.80643333,0.9928253815600032,0.9939413160500438,0.0011159344900405488
-73.88524333,40.81330167,1.0198309479999987,1.0187212467167694,0.0011097012832292918
-73.896715,40.80842,0.9975793849003574,0.9964707179995829,0.001108666900774491
-73.90302833,40.80945167,0.9915716897473708,0.9904691885343685,0.0011025012130022604
-73.929355,40.82962667,1.0037262976450008,1.0048232005526965,0.001096902907695707
-73.93966333,40.80439,1.0078481742299967,1.0067553222579058,0.001092851972090969
-73.92721,40.834035,0.9976928871904904,0.9987850416335773,0.0010921544430868568
-73.92758167,40.83860333,0.9979268620665872,0.9990104826000129,0.0010836205334256999
-73.956075,40.77899667,1.0033626729999985,1.004446282541854,0.0010836095418556013
-73.96706333,40.807085,0.9797956108699972,0.978713574240264,0.001082036629733274
-73.911645,40.80440167,1.0362679681200009,1.0351891856611342,0.0010787824588667227
-73.96358167,40.80831,0.9900887388665224,0.9890128764293801,0.0010758624371423053
-73.93666333,40.85583333,1.0253904924899993,1.0243170928559355,0.0010733996340637209
-73.92505,40.82728667,1.0116388827599962,1.0105687995262682,0.0010700832337280364
-73.95505833,40.768935,1.001506675740306,1.0025711275846807,0.0010644518443747586
-73.94239,40.78637333,0.9806436670000022,0.9817079845496504,0.0010643175496481971
-73.95503667,40.768995,1.0056465940000034,1.0045826498396995,0.0010639441603039757
-73.97065667,40.76783,0.9834480817800016,0.9823915073694063,0.0010565744105953678
-73.89738667,40.80789833,0.9954729273299986,0.9965170665178231,0.0010441391878245332
-73.94932167,40.77342667,0.983057889115286,0.9840989983909401,0.0010411092756540397
-73.93569667,40.854865,1.026284226769996,1.027315339701331,0.0010311129313349543
-73.94887667,40.79442333,0.9941633180000023,0.9931337269848849,0.0010295910151174592
-73.892005,40.82039667,1.0063352330559745,1.0073639876937457,0.0010287546377711898
-73.927115,40.83688833,1.011226422381508,1.0102010360818001,0.0010253862997078311
-73.97948333,40.79043667,0.9879786905970618,0.9889959840898858,0.0010172934928239785
-73.95286667,40.79804167,1.0154489818614136,1.014432745792418,0.0010162360689955907
-73.94182667,40.79043,0.9809531825090936,0.9799378827286898,0.0010152997804038222
-73.90281667,40.808575,0.9908496107765792,0.9918640834277515,0.0010144726511722713
-73.95433667,40.79483167,1.0068582749000026,1.0058522470752849,0.0010060278247177035
-73.92198167,40.81028333,1.016013193015003,1.0170191116462879,0.0010059186312849633
-73.94437,40.77540667,0.9753390715929195,0.9763412941411589,0.0010022225482393399
-73.93130333,40.85713333,1.0234900301799967,1.024491282961925,0.001001252781928308
-73.95904833,40.78071333,0.9921065479099964,0.9911075179278006,0.0009990299821958093
-73.960155,40.77318667,0.9859787480849632,0.9869734001095171,0.0009946520245538437
-73.91921833,40.82172333,1.019046600700002,1.0180577816592957,0.0009888190407063568
-73.91491,40.818105,1.03698259504,1.036000472742232,0.0009821222977679511
-73.90040833,40.81547667,0.9889398355673544,0.9899204638174157,0.0009806282500612884
-73.90419833,40.81585833,0.9948172015250007,0.9938377770897661,0.0009794244352346881
-73.95680833,40.79073667,0.9763426828449988,0.9753634739705863,0.000979208874412496
-73.91826167,40.80924333,1.0223805247299982,1.0233594566972581,0.000978931967259955
-73.88949,40.82586,1.00863500324275,1.0096106462061667,0.0009756429634166786
-73.97217667,40.7966,0.9793116901620827,0.9802810434242001,0.000969353262117334
-73.970495,40.767875,0.9858077331850014,0.9848395868866162,0.000968146298385153
-73.95793167,40.80602167,0.9883661910663916,0.9893327294380451,0.0009665383716535025
-73.97463167,40.79340167,0.9889367052749996,0.9879710076813908,0.0009656975936087608
-73.96780333,40.800805,0.9943776057164364,0.9934137839413255,0.0009638217751108957
-73.938315,40.85225667,1.005584712767924,1.00654750971085,0.000962796942926003
-73.91581333,40.83496167,0.989743289859999,0.9907034347409328,0.0009601448809337665
-73.90797167,40.80816,1.020680687628258,1.0216400419827563,0.0009593543544983429
-73.95936,40.77446667,1.000009516280001,0.9990537221032,0.000955794176800917
-73.91342167,40.80518333,1.0371532731629742,1.0361975969987192,0.0009556761642550704
-73.982415,40.76795333,0.9687606647000028,0.9697085746560031,0.000947909956000359
-73.90569167,40.81255667,1.0049265269674637,1.0058730999111614,0.0009465729436977099
-73.92139333,40.83182,0.996071554735002,0.9970157512218921,0.0009441964868901476
-73.95843667,40.76429833,1.0020337913750013,1.0010902178738308,0.0009435735011704693
-73.94412833,40.80097333,1.0066386940828935,1.0075806036537338,0.0009419095708402825
-73.90880333,40.81019667,1.021000101329398,1.0200584857772041,0.0009416155521937419
-73.949095,40.79414667,0.9913805006750036,0.9923201967508317,0.0009396960758281114
-73.899735,40.81426333,0.9812825637900005,0.9822202753654228,0.0009377115754223286
-73.970955,40.76449167,1.0067805677334212,1.0058467700103304,0.0009337977230907679
-73.95970667,40.79867333,0.9722472716173448,0.9713174779322021,0.0009297936851426769
-73.94750333,40.80523167,1.009873050800003,1.0089506190969213,0.0009224317030815943
-73.94937833,40.77346333,0.9823351260492968,0.9832567054579449,0.00092157940864801
-73.95109833,40.78876833,0.9945581570799972,0.995479427886056,0.0009212708060588604
-73.92372,40.84413333,0.9910126696600025,0.9900928052016116,0.0009198644583908733
-73.97042333,40.76511333,1.0021798426800024,1.0030980862250942,0.0009182435450918458
-73.95390833,40.81774,1.004308697724998,1.0052264979415506,0.0009178002165526333
-73.94806167,40.78681,0.9842558684549968,0.9851716537513188,0.0009157852963219693
-73.94546167,40.81320333,1.0145705998044574,1.0136565087847313,0.0009140910197260599
-73.92564667,40.84142667,0.9863793141849954,0.9872907063803689,0.000911392195373506
-73.906315,40.81544167,0.9991921124549984,1.0001021390549842,0.000910026599985847
-73.94996833,40.77214333,1.003831477754998,1.0029228705750732,0.000908607179924692
-73.97175333,40.79723333,0.9798176696373444,0.9807260424264023,0.0009083727890578652
-73.89892167,40.81846333,0.999912789885944,1.0008168666322688,0.0009040767463247557
-73.94354333,40.78470667,0.9894031059650013,0.988499315019733,0.000903790945268268
-73.909525,40.82669667,1.0027279832049985,1.0018256748029397,0.000902308402058738
-73.98460333,40.78264333,0.9731794514100028,0.9722823118190187,0.0008971395909841418
-73.95623667,40.79130833,0.9852216492759296,0.9861178471877228,0.000896197911793184
-73.97202167,40.76427,1.008901719606934,1.0097977392658781,0.0008960196589440361
-73.888435,40.8219,1.0064297392599963,1.0055357708287234,0.0008939684312729845
-73.94681833,40.80829667,1.0234366517377724,1.0243304014127603,0.0008937496749878981
-73.89111167,40.82498333,1.0263082235009922,1.0254156763720976,0.0008925471288945275
-73.90962667,40.84315667,0.9838123072999966,0.9847041987552272,0.000891891455230609
-73.94817,40.80934833,1.0107987314791484,1.0116892723871833,0.0008905409080348647
-73.95663333,40.815235,1.0218600376522289,1.0227503818217616,0.0008903441695327086
-73.908305,40.82887833,1.0224754879999982,1.0215867242392926,0.0008887637607055687
-73.90819833,40.82002667,1.0063510196741992,1.0054660363604122,0.0008849833137869467
-73.93464667,40.85454167,1.0398466077001176,1.0389618360987576,0.0008847716013600238
-73.971345,40.76693167,0.986375708014996,0.9872554433360771,0.0008797353210810988
-73.91745,40.845115,0.999112175585001,0.998232576035996,0.0008795995490049613
-73.91118,40.82158833,1.0029577676323589,1.003837271767888,0.0008795041355291744
-73.93384167,40.79543,0.984523299204462,0.9853982672149781,0.0008749680105161195
-73.95107667,40.81252333,1.018162624993836,1.0172902555274823,0.0008723694663537174
-73.97541167,40.786255,0.9850913029999976,0.9842190725784772,0.0008722304215204035
-73.92789,40.82876667,1.0072772982630294,1.0081479360988472,0.0008706378358178668
-73.89868,40.83233667,1.0195875294600028,1.0187176984619,0.000869830998102783
-73.95828167,40.76455833,0.9965902460500026,0.995720882142668,0.0008693639073346082
-73.89257667,40.84387167,0.9940833416400012,0.9949454619785068,0.0008621203385055232
-73.92559,40.83959167,1.010747552335001,1.011605206160215,0.0008576538252140775
-73.95807667,40.80547333,0.9935797525914628,0.9927224417965861,0.00085731079487672
-73.90327333,40.83221833,1.0047597554314531,1.0056156800324267,0.0008559246009736121
-73.958745,40.81598,1.0064788798470892,1.0073317547877483,0.0008528749406591096
-73.92698667,40.82030833,1.0147798744564702,1.0139280605333099,0.0008518139231603605
-73.94227,40.80345167,1.0146024739620851,1.013751017021022,0.0008514569410631445
-73.943345,40.79105833,0.9973446420737572,0.9964931896875329,0.0008514523862243051
-73.95230333,40.774715,0.994878506329998,0.9940323851813696,0.0008461211486283648
-73.89815667,40.81745333,1.0036451580061294,1.002802138371697,0.0008430196344324514
-73.95950833,40.77407667,0.9891146103099988,0.9882748760371556,0.0008397342728432289
-73.92131667,40.83194167,0.9937281339943538,0.9945662568623616,0.0008381228680077735
-73.97295833,40.76460167,1.0146620730000024,1.0138271192123207,0.0008349537876817248
-73.90984333,40.826115,0.9923036794601856,0.993132579904135,0.000828900443949343
-73.92792667,40.80973833,1.0220540729409893,1.0228824550693192,0.0008283821283299186
-73.91739333,40.84411,0.9899643891490786,0.9907923210418311,0.0008279318927525425
-73.964235,40.79894167,1.001184533845003,1.0020101890182995,0.00082565517329658
-73.916895,40.83842,1.0214537297891966,1.0206282926310313,0.0008254371581652986
-73.93146,40.85877333,1.0092539881600002,1.0100763085547189,0.0008223203947186342
-73.916905,40.81819833,1.007892049489996,1.0087080926193257,0.0008160431293298132
-73.90627,40.843665,0.988214264649998,0.9890255285801275,0.0008112639301295355
-73.89642,40.81940667,0.9888531616711278,0.9880419395624978,0.0008112221086300497
-73.98273833,40.78222,0.9907408927869328,0.9915493906146116,0.000808497827678778
-73.891675,40.82303667,1.014440292010002,1.0136319758711245,0.0008083161388774407
-73.905805,40.80397833,1.004948211384198,1.0057557617138888,0.0008075503296907094
-73.89108,40.80955,1.004799271785325,1.005605925345766,0.000806653560441184
-73.90652333,40.84469167,0.9971894715191848,0.9979947203255759,0.0008052488063911012
-73.95697833,40.81226,0.9858787176237382,0.9866833949964154,0.0008046773726771983
-73.98553167,40.78030667,0.9860582349686472,0.985254953283913,0.0008032816847342028
-73.94584167,40.78166,0.9758411643993898,0.9766433909361283,0.0008022265367384485
-73.90456667,40.81534,0.9984006222029562,0.9975995404497033,0.0008010817532528858
-73.94724833,40.82695167,1.007048200990002,1.0078473971422808,0.0007991961522788582
-73.95403167,40.77551333,0.999193916039998,0.9983954148269238,0.0007985012130741209
-73.95979833,40.81788667,1.0076901029999965,1.0068922241449705,0.0007978788550260241
-73.95508,40.79237667,0.9936067231999972,0.992810538755564,0.00079618444443319
-73.89778667,40.80872333,1.0014145997616777,1.0006185233145164,0.0007960764471612869
-73.96877667,40.76495667,0.9918456999550012,0.9910507648563228,0.0007949350986783399
-73.88908167,40.81861,1.0027843309950075,1.0019919481012747,0.0007923828937328459
-73.917745,40.83730333,0.986792824384996,0.9860016674506544,0.0007911569343416192
-73.93073,40.81428833,1.0327855894750002,1.031996341584529,0.0007892478904711897
-73.88873667,40.825195,1.005938696294996,1.00672523092587,0.0007865346308739696
-73.95209833,40.77465167,0.994904951749998,0.9941190513812959,0.0007859003687021859
-73.89735667,40.844145,1.0093339249099955,1.0085492968677305,0.0007846280422649787
-73.94539667,40.79196833,1.005822696860002,1.005040900742429,0.0007817961175728971
-73.957435,40.77713667,1.0033193986999986,1.0025378159997083,0.0007815827002903841
-73.95949,40.75906667,0.9729366344299964,0.9737144016517287,0.000777767221732284
-73.94767833,40.804945,1.0068721823315252,1.0060950189584135,0.0007771633731117333
-73.93105667,40.857525,1.0316682708700011,1.0308914238845948,0.0007768469854063653
-73.912915,40.835245,0.9915710277450038,0.9907960214777043,0.0007750062672995384
-73.896195,40.812295,1.0092257403090197,1.0084511692360212,0.0007745710729984978
-73.94351667,40.77660833,0.9755343019507824,0.9747600380105133,0.0007742639402691376
-73.90921167,40.82412667,1.0236583896795166,1.0228862242876284,0.0007721653918881799
-73.91002833,40.84028333,0.9910445242499988,0.9918142292463017,0.0007697049963029112
-73.94804833,40.80953333,1.015153116429998,1.0143876193917805,0.0007654970382175996
-73.91887833,40.80461833,1.023997301074999,1.0232321673597105,0.000765133715288524
-73.95814667,40.77465667,0.9934678843799968,0.9942248069033403,0.0007569225233434729
-73.941085,40.79014833,0.986321182116493,0.9855643335233608,0.0007568485931321867
-73.89158333,40.821185,0.9976053885999976,0.9983600952882519,0.0007547066882542808
-73.898815,40.80721667,0.9773938876599988,0.9766403979985119,0.0007534896614869169
-73.97728333,40.77158667,0.9725700053849998,0.97332324779055,0.0007532424055501918
-73.886315,40.81508167,1.0049705284152124,1.005723037891205,0.000752509475992591
-73.88854167,40.806315,1.005847103684533,1.0050963794287138,0.000750724255819124
-73.96708833,40.80343833,1.0070992884550003,1.0063492981075404,0.0007499903474599279
-73.97607667,40.789975,0.9716257838750022,0.9723748746823936,0.0007490908073913838
-73.89874,40.81051333,0.9815724627881252,0.982321340784543,0.0007488779964178738
-73.96295833,40.79177333,0.9706106409299984,0.9713592464252226,0.0007486054952242638
-73.98848167,40.769195,0.995651433490002,0.9949042865635828,0.0007471469264191954
-73.88382333,40.81513667,1.0061057079669118,1.0053587534327963,0.0007469545341154404
-73.91705833,40.81788167,1.0052859749999994,1.0060286010681962,0.0007426260681968611
-73.95479667,40.79690667,0.982491238975002,0.9817503912132375,0.0007408477617645293
-73.918755,40.82158333,1.0145869444650013,1.0138463396230315,0.0007406048419698052
-73.89806167,40.815735,1.010111660275002,1.0093735963026207,0.0007380639723812976
-73.91376333,40.83042667,1.016163450550004,1.0169006407823349,0.0007371902323309865
-73.92286667,40.813245,1.0146957313999982,1.0139594343065457,0.0007362970934525759
-73.95733167,40.77728833,1.0015305948569,1.002262013345177,0.0007314184882769581
-73.91836667,40.844505,0.9922885799590788,0.9930146205166291,0.0007260405575503226
-73.893215,40.84425667,0.992028367382003,0.9927518629821701,0.0007234956001671566
-73.90958667,40.81901,1.005596708964995,1.0063169276015316,0.0007202186365364849
-73.90818667,40.80459167,1.0161112587464236,1.0153919040730939,0.0007193546733297307
-73.951185,40.79774,0.9826577983612588,0.9819388444125339,0.0007189539487248986
-73.88897,40.82614,1.006117803270003,1.0068355578934105,0.0007177546234073962
-73.89406167,40.84209167,0.975245198574998,0.9759627957254322,0.0007175971504341794
-73.94233333,40.80337,1.011188141882038,1.0119051092296942,0.0007169673476561389
-73.954495,40.78656667,0.9730699218729706,0.9737863340841614,0.0007164122111907867
-73.94979667,40.77238,1.0065715824000023,1.0058587828051313,0.0007127995948710275
-73.91369,40.82690167,1.0051915872100086,1.0044815606947843,0.0007100265152242269
-73.913715,40.819245,1.0115853910399986,1.0122934869014846,0.0007080958614860133
-73.93031667,40.857455,1.0253418093250029,1.0246356636393652,0.0007061456856376491
-73.95881833,40.79981333,0.9742371312886692,0.9735312468631034,0.0007058844255657393
-73.94402167,40.80110833,1.0063828583599992,1.0056849847198521,0.000697873640147062
-73.884795,40.804875,0.9927658794000032,0.9934635898811723,0.0006977104811691781
-73.95940167,40.81961667,1.0138572917600006,1.0131601977737863,0.0006970939862143144
-73.925275,40.82094333,1.004810532700973,1.0055022488858978,0.0006917161849246956
-73.907355,40.83061667,1.0069075591599976,1.0075991052986752,0.0006915461386776123
-73.88750833,40.8226,0.9792799254400006,0.9799707679841574,0.0006908425441567445
-73.95597,40.81442,1.0208911678499968,1.0202007373379538,0.0006904305120429832
-73.943845,40.80132833,1.0085874210815076,1.0092764570880615,0.0006890360065539003
-73.91834667,40.83135333,1.0079396692146885,1.0086284955846483,0.0006888263699598163
-73.92616,40.80627833,1.0327668087550597,1.033449648010458,0.0006828392553983598
-73.98061833,40.78785167,0.9761731911749986,0.9768507808577545,0.0006775896827558858
-73.97295167,40.764625,1.0147486216000026,1.01542539974594,0.0006767781459373623
-73.953495,40.81755667,0.999724026275002,1.0003978740608555,0.0006738477858534431
-73.98390167,40.78367667,0.9798635834789589,0.9791911166843444,0.0006724667946144125
-73.9723,40.79635667,0.9814971322499996,0.9808252786905592,0.0006718535594403274
-73.96454833,40.799075,0.9945677731850004,0.995238916364072,0.0006711431790715761
-73.95975,40.801385,0.9942702625250016,0.993599624674291,0.0006706378507106425
-73.96688667,40.807605,0.9894307246344612,0.9901010252473261,0.0006703006128648825
-73.972215,40.765515,0.9907740593900014,0.9914436171620791,0.0006695577720776669
-73.982295,40.77552167,0.983304466462858,0.9839719840039434,0.0006675175410854051
-73.959795,40.80140333,0.9942918996750018,0.9936268233993907,0.0006650762756110762
-73.885275,40.81345333,1.014482987557474,1.0138184673178645,0.0006645202396093897
-73.95271167,40.82249167,1.015933255300005,1.0152694250795957,0.0006638302204091673
-73.930355,40.83448,1.0204740940103216,1.0211362779297652,0.0006621839194436152
-73.91058667,40.83936333,0.99482802,0.9954879305769447,0.0006599105769447
-73.92123667,40.80425167,1.0186643444749983,1.0193235693541784,0.0006592248791801314
-73.96068667,40.75916167,0.9768926320661764,0.9775514093163499,0.0006587772501734923
-73.92000667,40.83071167,1.0127471856749968,1.012098350417827,0.0006488352571698552
-73.92020333,40.80381,1.0147546079479048,1.0154023836079382,0.0006477756600333784
-73.957195,40.82223833,1.0019713217190378,1.0026182828203913,0.0006469611013535381
-73.928015,40.82156,1.006144915850683,1.0067907713570377,0.0006458555063546534
-73.92041333,40.80390167,1.0134612117050013,1.0141062148646822,0.000645003159680968
-73.95340167,40.81234667,1.0120944651999964,1.0127366966418885,0.0006422314418921271
-73.92565667,40.82784333,1.0113009410777056,1.0106593069359806,0.0006416341417250226
-73.94763167,40.7854,0.9914143671857348,0.992055296337623,0.000640929151888181
-73.96292,40.809115,0.9877901908911926,0.9884265503901929,0.0006363594990003163
-73.96325,40.781915,0.9670675578900004,0.9677012012370908,0.0006336433470903735
-73.89594667,40.80889833,0.9930351417749982,0.9924016880485882,0.0006334537264099938
-73.887255,40.82287167,0.978517816949998,0.9778848479079885,0.0006329690420094902
-73.98791333,40.76985833,0.9940512471018051,0.9946820979704162,0.0006308508686110326
-73.93796167,40.80208333,0.9973143905500964,0.9979447370957892,0.0006303465456928281
-73.90787,40.82969667,1.017779024390002,1.0171492449759743,0.0006297794140277535
-73.98672167,40.78182667,0.9733514298736116,0.9739723612997004,0.0006209314260888776
-73.95747833,40.81447167,1.0051767774485012,1.0057963797866263,0.0006196023381250804
-73.92272167,40.81333667,1.0128247189299977,1.0134426268180845,0.0006179078880867994
-73.93310667,40.79522,0.9828506563000023,0.9822369398324962,0.0006137164675061868
-73.98472333,40.78499833,0.9757945414550002,0.9764040776317928,0.0006095361767926022
-73.89379667,40.809135,1.002702138934998,1.0020930183784642,0.0006091205565337265
-73.95282333,40.81810833,0.9952685103419556,0.9958770020780261,0.0006084917360704711
-73.98715333,40.77091833,0.989799787465001,0.9904071477461033,0.0006073602811023093
-73.903075,40.817455,0.9869010487905772,0.9862960790952215,0.0006049696953556172
-73.92964667,40.812905,1.029757590929996,1.0303625256723516,0.0006049347423555673
-73.92112333,40.842035,1.0097065152816682,1.0091018848806854,0.0006046304009827974
-73.88759333,40.806415,0.9947130470164544,0.9941085293125835,0.0006045177038708216
-73.96472333,40.79915667,0.9929151161129102,0.9935187614663618,0.0006036453534515873
-73.94929167,40.79698333,0.996646141570002,0.9960440821349992,0.0006020594350027997
-73.975995,40.78651667,0.9804783829100008,0.9798797692704514,0.0005986136395493835
-73.961635,40.79784833,0.9934259410583002,0.9928315566739983,0.000594384384301927
-73.95013333,40.81740667,0.9830550065649972,0.9836489850577722,0.0005939784927749825
-73.90507833,40.84362,0.9841963664899972,0.9836031346002911,0.0005932318897060584
-73.912115,40.80492667,1.0270445521346303,1.0276354125931015,0.0005908604584712318
-73.90968333,40.842745,0.986019296600003,0.9866078883061683,0.0005885917061653201
-73.91770833,40.83735333,0.9866359550449958,0.986049994799242,0.0005859602457537472
-73.98504833,40.780215,0.9885340136999964,0.9879486670100469,0.000585346689949473
-73.95868167,40.79000333,0.9783408290854214,0.9777556404694274,0.0005851886159939923
-73.895195,40.840695,0.9974774211366692,0.9980605597514662,0.0005831386147970852
-73.96708,40.78908,0.9633809645448068,0.9627992065039567,0.0005817580408501444
-73.95947,40.7742,0.9893754580899992,0.9899564831828084,0.0005810250928092175
-73.92759667,40.82512667,0.993699199841933,0.9931183064086264,0.000580893433306584
-73.91877,40.83076167,1.010555823199998,1.0099760712234225,0.0005797519765755599
-73.93413833,40.79555833,0.9895713945049992,0.9901499852057101,0.0005785907007108682
-73.95658667,40.762765,0.9922820488500048,0.992860054968538,0.000578006118533203
-73.90274667,40.80809,0.9987236068749664,0.9981457074176101,0.0005778994573563123
-73.90078,40.8415,0.9992588275500012,0.9998366287066132,0.00057780115661199
-73.91734333,40.81083,1.0179196656500014,1.0173434901224994,0.0005761755275019986
-73.95783,40.78233333,0.9856923350000026,0.9862671462917525,0.0005748112917498549
-73.90831333,40.81979333,1.002090847525608,1.0015166056413756,0.0005742418842324959
-73.95192833,40.77375833,0.983861591589999,0.9844352757266002,0.0005736841366011936
-73.89792833,40.81943,0.9941324354876652,0.9947058783419085,0.0005734428542433223
-73.97178833,40.76615667,0.991748399312982,0.9923213621771831,0.0005729628642011653
-73.88276167,40.80516833,0.9991598657307192,0.9985874597621245,0.000572405968594758
-73.88372333,40.814715,1.0076661937269444,1.0082383442112033,0.0005721504842588487
-73.89203333,40.81675667,1.018687816200073,1.0192595127837398,0.0005716965836668475
-73.90972167,40.82632333,0.994457308287402,0.9950289900973625,0.0005716818099604781
-73.96336167,40.80860333,0.98777987522581,0.9883484851818948,0.0005686099560847646
-73.90457167,40.81237833,1.0046398299596238,1.0052084251497022,0.000568595190078458
-73.95628833,40.81817667,1.007175084135678,1.0066065901992824,0.0005684939363954644
-73.95045333,40.82152833,1.0108238837250023,1.0102566067696206,0.0005672769553817236
-73.96217833,40.78093667,0.9665536755649988,0.9671208415656206,0.0005671660006217882
-73.94932167,40.812825,1.0199619722000022,1.0193958268127883,0.00056614538721389
-73.904615,40.80801667,0.9918072338450012,0.9912427153662813,0.0005645184787199664
-73.91015167,40.82449333,1.0183331760600018,1.0177692310303628,0.0005639450296390791
-73.964165,40.80805833,0.9868294162143024,0.987393058953744,0.0005636427394415389
-73.953765,40.79819333,0.9993423708849992,0.999905546931653,0.0005631760466537905
-73.94784,40.77889,0.9739337471399956,0.974495902686823,0.0005621555468273698
-73.92570833,40.84131333,0.9916473591850016,0.9922071323866563,0.0005597732016546786
-73.92720833,40.83858167,1.0000273747212831,1.0005854352957617,0.0005580605744786027
-73.91906333,40.81517333,1.0263160816449972,1.0268735600442946,0.0005574783992974286
-73.913395,40.81960833,1.0190832636700018,1.0185271261653308,0.0005561375046709838
-73.895605,40.80892667,0.9877538637118732,0.9883097474112112,0.0005558836993380112
-73.90241833,40.83191,1.0126558289799974,1.0121010491650948,0.0005547798149025951
-73.89739333,40.84415667,1.010334642999995,1.0108884684858157,0.0005538254858206137
-73.91376333,40.82685167,1.0051507170350085,1.004599550517164,0.0005511665178443703
-73.93626,40.856415,1.0218563581956128,1.0213054907378298,0.0005508674577829886
-73.98283833,40.782095,0.9907451315928087,0.9912943366988152,0.0005492051060064229
-73.950715,40.770995,1.006341387155003,1.0057930908555095,0.0005482962994936003
-73.90280667,40.80849833,0.9894710222099992,0.9900188944581065,0.0005478722481073728
-73.91659167,40.81888,1.0163089002500043,1.0168509583165763,0.0005420580665720376
-73.93694167,40.85518833,1.0230933484049982,1.0225513904640773,0.0005419579409209341
-73.89312667,40.84268,0.9862825484250016,0.9868192029395549,0.0005366545145533141
-73.888585,40.823425,0.997936557049996,0.998472382124126,0.0005358250741300807
-73.95382833,40.78774167,0.979877098194342,0.9793424731257178,0.0005346250686242282
-73.98242,40.76804,0.969582876370002,0.9701173212475586,0.0005344448775566057
-73.97228167,40.784905,0.965830033845001,0.9663640043865271,0.000533970541526152
-73.96969667,40.78795333,0.9593634936315506,0.9588299954358207,0.0005334981957298979
-73.925565,40.81185167,1.015106836650002,1.0156383659989134,0.0005315293489114303
-73.90421,40.827805,1.0156706050950022,1.0151410922865183,0.0005295128084839007
-73.93151,40.79741333,0.9922495928699966,0.991720274055786,0.0005293188142105887
-73.948925,40.79436,0.9945257402200026,0.9939966082031136,0.0005291320168889779
-73.96040833,40.80168167,0.9901892556249982,0.9907176552903807,0.0005283996653825396
-73.92732,40.83648333,1.0067158132668346,1.006188029968454,0.0005277832983805464
-73.95644,40.78324167,0.9743664896499972,0.9738387611253897,0.0005277285246074737
-73.90236333,40.83376333,0.9912470717749976,0.9917745506364865,0.0005274788614888504
-73.89142833,40.814625,1.017259132084999,1.0167325994007774,0.0005265326842216478
-73.92834,40.82129,1.0129581478799967,1.0124324680447998,0.0005256798351969127
-73.88607833,40.82117667,1.018571235752416,1.0180469048082017,0.0005243309442142241
-73.89667833,40.84407833,0.9958661483972882,0.9963878290861543,0.0005216806888661552
-73.98839833,40.76930833,0.9954897559150008,0.9949693671259466,0.0005203887890541381
-73.93059667,40.85740833,1.025480647995004,1.0249604981505243,0.0005201498444797892
-73.95653167,40.79101833,0.9767537886999992,0.9772737376889487,0.0005199489889494702
-73.93057833,40.81526667,1.021524655914997,1.022042179872391,0.0005175239573940171
-73.95473333,40.82247167,0.999689360731294,1.0002057029222797,0.0005163421909857302
-73.972105,40.76878333,0.9838510346808006,0.9833347795692223,0.0005162551115782676
-73.94677167,40.80067333,1.0070728429250044,1.0065576739868227,0.0005151689381817093
-73.91809667,40.81502667,1.034691461604996,1.034177653747251,0.0005138078577451299
-73.98249667,40.77439333,0.979544980640004,0.9800573921923574,0.0005124115523534867
-73.89537667,40.810705,1.0020093147333828,1.0015010440065768,0.0005082707268060371
-73.92994333,40.82993833,1.0048010083006835,1.005304229326963,0.0005032210262794212
-73.93185,40.79783833,0.997362482117783,0.9968623111588713,0.0005001709589117498
-73.98724667,40.77075833,0.989955344286486,0.9904513716737033,0.0004960273872173238
-73.98227833,40.77546,0.9812446990000012,0.9817389277163006,0.0004942287162993386
-73.92796333,40.82146167,1.0045214630549983,1.0040289156727447,0.000492547382253683
-73.98692,40.77126667,0.9914141586750028,0.9919048109823752,0.0004906523073723301
-73.97653167,40.78666,0.9762062487650012,0.9757163245021737,0.0004899242628274569
-73.95648833,40.808055,1.0058322630996157,1.0063220807863267,0.0004898176867109694
-73.88972167,40.80855,0.9952781929249992,0.9947890427780154,0.0004891501469838078
-73.952775,40.774125,0.9886710492049968,0.9891571823549788,0.0004861331499820265
-73.91688333,40.81158333,1.0103184156350014,1.0108007451947227,0.0004823295597213839
-73.95321333,40.82268,1.0083368131499997,1.008818639797718,0.0004818266477182309
-73.94812,40.806325,0.9864129722900024,0.9868921798977849,0.000479207607782528
-73.89914,40.81825833,1.0050467646750014,1.0045676481587458,0.000479116516255651
-73.99316333,40.77099333,1.0039709065632514,1.0034932893965816,0.00047761716666983034
-73.95334333,40.77503167,0.9958101058149978,0.9953381452845906,0.00047196053040721164
-73.92625333,40.82550667,1.004371205084997,1.0039023704170482,0.00046883466794889195
-73.91344833,40.81805667,1.0080151788234482,1.0084836164826636,0.0004684376592154482
-73.91885167,40.80470333,1.024879615999999,1.0244135625180046,0.00046605348199446617
-73.97892167,40.79080333,0.9791597192949986,0.9796254835456146,0.0004657642506160631
-73.92785833,40.80984,1.0214020450100008,1.021866931229452,0.00046488621945117714
-73.90162333,40.840655,1.0042527838440445,1.0047167715039576,0.0004639876599130677
-73.94580833,40.77790333,0.987452156634996,0.9869913749173735,0.00046078171762242714
-73.90783333,40.82975667,1.0171119190983544,1.0166524792160343,0.0004594398823201118
-73.90588333,40.80402167,1.00549584069331,1.0059517719409363,0.00045593124762621784
-73.95611333,40.77655,1.0012013627250036,1.0007482020505596,0.00045316067444400865
-73.92029667,40.82235,1.0026438391249957,1.0030959473940155,0.00045210826901986856
-73.92747833,40.83737667,1.0116707372049971,1.0112216645830157,0.00044907262198146114
-73.94658833,40.811645,1.007418606495339,1.0078670815023392,0.00044847500700018195
-73.906675,40.80724,1.003734873020573,1.0032886475622462,0.00044622545832684324
-73.880915,40.81152667,1.0025807303999987,1.0021381657947674,0.00044256460523128816
-73.95905167,40.81632333,0.9952276401319584,0.9956701947882214,0.0004425546562629723
-73.95602333,40.77648833,1.001226005045003,1.00078431207726,0.0004416929677431014
-73.96676667,40.78886333,0.958198731400003,0.9577574129943047,0.00044131840569827663
-73.94895833,40.80662333,1.0052720874289458,1.0048309488449099,0.0004411385840359383
-73.91577333,40.82062667,1.0138061411892656,1.0142445945697305,0.00043845338046488713
-73.94713667,40.814145,1.017911852819997,1.0183497542901705,0.0004379014701734185
-73.91189833,40.82040167,1.013152908882953,1.0127154426233524,0.0004374662596005052
-73.90266,40.83337667,0.991299361564999,0.9908635577704956,0.00043580379450336437
-73.96904,40.79355167,0.9849481973752028,0.9853833382799533,0.00043514090475049727
-73.936775,40.85552167,1.021850308360524,1.0222836858014512,0.00043337744092730723
-73.94893667,40.77330833,0.9809068490610348,0.9813400102079589,0.00043316114692415475
-73.911355,40.83470833,0.9962644359224924,0.996696661631656,0.0004322257091636805
-73.96473333,40.80831333,0.9943277750706884,0.9947598948390538,0.0004321197683654354
-73.88834167,40.81744,1.0100611736350014,1.010492810437897,0.00043163680289559636
-73.95214667,40.80361167,1.0171395263550014,1.016711053137156,0.00042847321784544867
-73.98251167,40.77422333,0.979648959180003,0.9800767193617047,0.000427760181701653
-73.90828667,40.80468333,1.0174154002599969,1.0169891062605751,0.00042629399942173407
-73.88873167,40.82591333,1.0080465147800004,1.0076265515665905,0.00041996321340986853
-73.96508333,40.78370667,0.9698963885002634,0.9694778888748914,0.00041849962537199303
-73.95690833,40.81564,1.0171543045383598,1.0167365220918094,0.0004177824465503299
-73.94955167,40.81246833,1.0181077886400016,1.018523980766516,0.0004161921265144475
-73.955765,40.814035,1.0228601484999973,1.0224469978497752,0.00041315065022207165
-73.96290333,40.80265333,1.0004880179825293,1.000075546984964,0.00041247099756525074
-73.97013333,40.79409667,0.983654898460383,0.984067128352581,0.00041222989219802386
-73.95764833,40.7896,0.9816708301200032,0.9812586682351104,0.00041216188489279215
-73.92103167,40.84225833,1.0081853536000005,1.0077735113691189,0.00041184223088164273
-73.95087,40.828295,1.008542461109766,1.0089541325959137,0.0004116714861477355
-73.91852333,40.821515,1.0125500471850015,1.012138514389086,0.0004115327959155479
-73.88534,40.82111167,1.0180278519999972,1.0176177071536696,0.00041014484632762027
-73.91587667,40.84341333,1.0121738013799977,1.0117651652786874,0.00040863610131025574
-73.91336167,40.81802,1.0089083948599993,1.0093133828592158,0.00040498799921651063
-73.94459,40.777375,0.9704340049339888,0.9700292223097746,0.00040478262421417277
-73.89910667,40.81815,1.0035970756250032,1.0039998682195508,0.000402792594547563
-73.89464333,40.81779333,1.000975935416178,1.0005742828544029,0.0004016525617751565
-73.896405,40.83876333,0.9990719235702764,0.9994735125423424,0.00040158897206599153
-73.98230833,40.76774167,0.9710590108349996,0.9706580418596416,0.0004009689753580181
-73.94867167,40.81370333,1.0194096505894712,1.0198092607921598,0.00039961020268863834
-73.92945667,40.81829,1.0129040544150008,1.0133036067444614,0.00039955232946065067
-73.91729,40.84560167,0.993910419727712,0.9935108750127363,0.0003995447149757192
-73.91226833,40.82940167,0.9947492849800031,0.9951456948725182,0.00039640989251510383
-73.95489333,40.773545,0.993186000784998,0.9935820651710339,0.0003960643860358992
-73.96228333,40.79816,0.9958868222698978,0.9954918769929897,0.00039494527690808745
-73.95459,40.79726333,0.980403254000002,0.9807963907116127,0.00039313671161078645
-73.96144,40.797755,0.9886632357349991,0.9890555651472638,0.0003923294122646359
-73.98470667,40.78573,0.9841982459496048,0.9845891199675947,0.00039087401798987287
-73.89794333,40.83639,0.9993441735999982,0.9989534460806013,0.0003907275193968385
-73.97255,40.78908167,0.961635431644998,0.9620254845053671,0.0003900528603690834
-73.95696333,40.77681833,0.9982452781678656,0.9986342791267826,0.00038900095891702957
-73.973275,40.78934667,0.9667015299250008,0.9663148643766348,0.000386665548365972
-73.95137667,40.82775167,1.0045334969131312,1.0049190522632208,0.00038555535008955033
-73.95755667,40.76125333,0.9862079403193182,0.9858228207400968,0.0003851195792214934
-73.90329667,40.811215,0.9885989253199976,0.9889828951428921,0.0003839698228944588
-73.90011833,40.81484833,0.9847120597639466,0.9843288426324991,0.0003832171314475108
-73.94668333,40.78053667,0.9762131839981524,0.975832821142538,0.0003803628556143801
-73.91644667,40.812365,1.0105119479050009,1.0108919695259162,0.0003800216209153273
-73.97226167,40.79645333,0.979417893006243,0.9797962690635784,0.0003783760573353723
-73.90945333,40.84482833,1.0136083583569606,1.0132301169357998,0.0003782414211608298
-73.951195,40.77346667,0.9888868196399968,0.9892640183894958,0.0003771987494990414
-73.98473833,40.774265,0.9955647543034104,0.995191071715888,0.0003736825875223504
-73.97963,40.78667,0.9747986884860786,0.9751722370856009,0.000373548599522211
-73.89838167,40.83255833,1.0212698178650037,1.0208976808338088,0.0003721370311948746
-73.93846833,40.85229167,1.0101265973575762,1.0104978849348547,0.0003712875772785562
-73.95362833,40.78617833,0.9751725894197786,0.9755387894261723,0.0003662000063937576
-73.97264167,40.79146333,0.9784733407150016,0.9788392204317382,0.0003658797167366279
-73.949105,40.80174667,1.004560529669999,1.0049249307347887,0.0003644010647896323
-73.90232333,40.831875,1.0129100655149972,1.012546585168235,0.00036348034676225716
-73.90831667,40.828855,1.0224754879999982,1.0221129397272952,0.0003625482727029894
-73.9024,40.83370667,0.9913738895299968,0.991735768782234,0.000361879252237185
-73.89286,40.84138833,0.9840208650250024,0.9836599850082104,0.0003608800167920201
-73.915845,40.84339167,1.0122260911599974,1.0118684706501873,0.0003576205098101415
-73.911395,40.81944333,1.0142762106549983,1.0146332382511836,0.0003570275961852776
-73.90755667,40.80937,1.0284305124449973,1.0280760510861984,0.0003544613587989076
-73.95611833,40.81839333,1.0103683008049955,1.0107224059416564,0.00035410513666089827
-73.92587,40.83911833,1.0101074533700003,1.010460290430267,0.0003528370602667863
-73.92967333,40.83463667,1.0156471145474872,1.0152950564454304,0.0003520581020568514
-73.96737333,40.806175,0.9814730910149982,0.9811243817763817,0.00034870923861651804
-73.95901667,40.75951,0.987693170690004,0.9873454151936802,0.0003477554963237095
-73.9122,40.84474833,1.0004583963609126,1.0001108977630058,0.0003474985979068368
-73.95093167,40.81433333,0.972352431310002,0.9726980699929944,0.0003456386829923108
-73.94980333,40.816245,0.9783596430113524,0.9787032563615303,0.0003436133501779626
-73.98061167,40.78789333,0.978101301674996,0.9777578024487845,0.00034349922621146334
-73.966635,40.78418333,0.9615524891500022,0.9618959394321731,0.00034345028217086515
-73.92735333,40.82844833,1.013031514174337,1.0133730679832786,0.00034155380894174137
-73.961075,40.75933833,0.9792294392249964,0.9788881766812436,0.00034126254375277387
-73.95710667,40.80716333,0.992449553116696,0.9921089700314112,0.00034058308528484016
-73.94916167,40.82761833,1.015515538635002,1.0151750568058224,0.00034048182917967296
-73.962415,40.80243333,0.9908352565754588,0.9904960019616458,0.0003392546138130115
-73.949585,40.81237667,1.018945026140002,1.0186059937252074,0.0003390324147944934
-73.97750833,40.78687833,0.978584531554996,0.9789232186514651,0.00033868709646911466
-73.900165,40.84130833,1.0089294309171706,1.0092669178679003,0.00033748695072977064
-73.95496167,40.77345667,0.9932653369999974,0.9936022858463559,0.0003369488463584869
-73.92282667,40.81327333,1.013919198114998,1.0135867944987513,0.00033240361624664594
-73.9269,40.82824,1.0179593341399975,1.0176280885949518,0.0003312455450457108
-73.99035333,40.76987667,1.0157116625097102,1.0160425924926022,0.00033092998289196984
-73.90144833,40.83526833,1.0018799275249972,1.0022099717760575,0.000330044251060313
-73.92686333,40.83529333,1.002038600010004,1.0023659302676462,0.0003273302576420889
-73.94998833,40.81563833,0.9740323160000036,0.9743589746852384,0.0003266586852347375
-73.90328,40.8087,0.993449252979998,0.9931241730805019,0.0003250798994960391
-73.95429333,40.76869333,0.9949993141100012,0.9946748899393736,0.000324424170627613
-73.91622,40.81278833,1.014636724137293,1.0149607661885927,0.0003240420512997666
-73.95061333,40.82645,1.0123072303150034,1.012626880619627,0.0003196503046236643
-73.908085,40.82489667,1.011732991957978,1.0120509934638786,0.00031800150590055587
-73.89170167,40.82336833,1.0136264947549969,1.0139435156594656,0.00031702090446872333
-73.90743667,40.809715,1.0261383577771843,1.0264519673241947,0.0003136095470104294
-73.94897667,40.825845,1.0140616421949995,1.0137492932290295,0.0003123489659699885
-73.95949333,40.77413167,0.989298525999999,0.9889884273316522,0.00031009866834685873
-73.96063833,40.772585,0.9845706663955516,0.9848775294833019,0.0003068630877502976
-73.94238167,40.80329833,1.0102144370000017,1.0105207730535057,0.0003063360535040527
-73.91057667,40.82469667,1.009636244175003,1.009331088247195,0.0003051559278079985
-73.89810667,40.83276167,1.0217386430879491,1.0214339764213456,0.0003046666666035591
-73.93201,40.79670167,0.982664879373925,0.9829677414244543,0.0003028620505293178
-73.96174333,40.81029833,0.9948690262542064,0.995171624095085,0.00030259784087860453
-73.90236167,40.81729167,0.9847709919205728,0.9850721578496334,0.00030116592906059836
-73.96010333,40.75887667,0.9730930564482436,0.9733933189333457,0.0003002624851020652
-73.93538667,40.80095333,0.9963299985050026,0.9966292151044968,0.00029921659949416757
-73.91402,40.8267,1.0039317055195804,1.0042306079143066,0.00029890239472618596
-73.95477667,40.78076833,1.0011057984350034,1.0008074503857354,0.0002983480492679824
-73.903525,40.80943333,0.9908694453015836,0.9911668558887383,0.0002974105871547117
-73.94739333,40.78528667,0.9926829660594508,0.9929802384306374,0.00029727237118659655
-73.93322,40.795155,0.9864748787999978,0.9861776073744628,0.0002972714255350395
-73.89894667,40.80784333,0.980715190134998,0.9810123282044938,0.0002971380694958281
-73.91591667,40.817195,1.0315758935222883,1.0312802198957587,0.0002956736265296023
-73.88334667,40.81329,1.0008310220993903,1.0005360368900442,0.0002949852093461214
-73.90180333,40.84036333,1.0062800817250022,1.0065745032752929,0.00029442155029069106
-73.96860667,40.76490833,0.989268475164997,0.9895618817342486,0.00029340656925158637
-73.925075,40.82724,1.0132539168382642,1.0129608176556615,0.0002930991826026741
-73.95438833,40.78251333,0.9693488464693756,0.9690564426191316,0.00029240385024398297
-73.90983333,40.81099833,1.0161087569850016,1.0158170867623126,0.0002916702226889445
-73.95433333,40.78149167,0.99018324591,0.9904745995863247,0.00029135367632471265
-73.927855,40.82134,1.002313277263018,1.0026040923615913,0.000290815098573205
-73.95991167,40.81886667,1.0009350406783508,1.0006480602718963,0.0002869804064544734
-73.89262167,40.81855,1.0294404411482505,1.0297255205698714,0.00028507942162092625
-73.95471,40.81814,1.0100774013599958,1.0103621247528463,0.0002847233928504611
-73.99117,40.77010667,1.0213437448000038,1.0216245771484807,0.0002808323484768671
-73.94690333,40.81404833,1.0178631692499969,1.0175829759926842,0.0002801932573126553
-73.94574333,40.78616,0.9962254187900016,0.9959452826831554,0.00028013610684618495
-73.96700833,40.7619,1.0133384637197524,1.0136184297323738,0.0002799660126213688
-73.91722333,40.81541333,1.038426875150003,1.0387066452026166,0.00027977005261359267
-73.99008833,40.769775,1.013749183658372,1.0134715227034683,0.00027766095490378007
-73.93103333,40.83317833,1.0426052489550033,1.0423297535492972,0.0002754954057060388
-73.91728,40.81619667,1.0344442615208662,1.0341689459477026,0.00027531557316362587
-73.91893833,40.80444333,1.0247018474694949,1.0244265752876482,0.00027527218184664193
-73.87966833,40.80660333,0.9948923304100002,0.994619083995947,0.0002732464140532409
-73.96975167,40.78470833,0.9600865722400012,0.960357306844349,0.00027073460434778873
-73.91799833,40.82138167,1.0085335349796316,1.008804189840791,0.0002706548611592918
-73.90709,40.813395,1.0067813428050023,1.0070519555739361,0.0002706127689338089
-73.90501167,40.81243,1.0086655779599991,1.0083961492822386,0.00026942867776047486
-73.95570333,40.79593833,0.9744293381758856,0.9746982394360614,0.0002689012601757579
-73.93536833,40.80039333,0.992000787852,0.9922691568206856,0.0002683689686856505
-73.92607,40.81158833,1.01448957683,1.0147536355298643,0.0002640586998643446
-73.92186333,40.810435,1.0196705625989189,1.0194067275575338,0.0002638350413850521
-73.949355,40.79019833,0.9916413486800044,0.9913784952918636,0.0002628533881408046
-73.95447667,40.82236,1.0026480291188895,1.002907953447826,0.00025992432893651163
-73.93579667,40.79961667,0.9987840119250024,0.9985261991726918,0.0002578127523106266
-73.89871333,40.806685,0.9755247294108278,0.9752693538631093,0.0002553755477184838
-73.891595,40.82153167,1.002164106075955,1.0019089141686885,0.0002551919072664166
-73.973785,40.78925667,0.9744190464751844,0.974166468699511,0.00025257777567344597
-73.944875,40.78727667,0.9870915372099992,0.9873413495204584,0.0002498123104591743
-73.90856667,40.819325,0.9987465982700112,0.9989947666410456,0.00024816837103436296
-73.91549333,40.80421833,1.0055185743649993,1.0057666984533995,0.0002481240884002478
-73.96964,40.76536333,0.9990652101649018,0.9993122185074218,0.00024700834252000536
-73.97984667,40.78694667,0.9757886756127936,0.9760343017926975,0.00024562617990386837
-73.93088833,40.829785,1.0179184635750014,1.0176730389404425,0.0002454246345588995
-73.88888833,40.81402833,1.0159121535278617,1.0161568917204222,0.0002447381925605452
-73.90565167,40.84361667,0.9868330935500018,0.9865891084197191,0.00024398513028267566
-73.90664667,40.83186833,1.0049565740299513,1.005199432602094,0.00024285857214279005
-73.97364167,40.79474167,0.9969268239050026,0.996684174054617,0.00024264985038568998
-73.92321333,40.8232,1.0090784865099975,1.0088364606727012,0.00024202583729637794
-73.96389833,40.803115,1.0044739667263844,1.004712894215966,0.00023892748958154186
-73.931335,40.83264333,1.0180236568444831,1.0182582872428738,0.00023463039839066724
-73.95701833,40.76218833,0.9854632305977024,0.9856974704116966,0.00023423981399428584
-73.92680833,40.820025,1.0091662375349992,1.0093999653306873,0.00023372779568808788
-73.92338333,40.82285333,1.0068486579999971,1.0070798096501021,0.00023115165010501038
-73.91044667,40.82497833,1.0057012880699991,1.0054703520717316,0.00023093599826751188
-73.95109333,40.79770167,0.9863312323200024,0.9865608344090435,0.00022960208904110324
-73.96804833,40.76247333,1.0159353696384958,1.0157058229282543,0.00022954671024155715
-73.971625,40.791,0.9820224340000032,0.9822515048497773,0.00022907084977408232
-73.90781667,40.804365,1.0113720240300028,1.0116009481788217,0.00022892414881892087
-73.956465,40.79106833,0.9768114877649992,0.977040182847209,0.0002286950822097955
-73.95161833,40.76979667,0.9963118271577152,0.9960840223662081,0.00022780479150708022
-73.96921333,40.76518667,0.9973295150049964,0.9971017715294432,0.0002277434755532104
-73.894235,40.80907833,0.9997588749518732,0.9999861442474188,0.00022726929554561792
-73.95662833,40.76301,1.0072717845800023,1.007045228463167,0.00022655611683530807
-73.91067833,40.81921667,1.0100942310000025,1.0103186409612448,0.00022440996124228896
-73.90953333,40.84341,0.9883131853091416,0.9885338207870353,0.00022063547789374915
-73.94900333,40.79004833,0.988849555805002,0.989069420842349,0.00021986503734694463
-73.95014667,40.77375167,0.9929696294500032,0.9927500051467449,0.0002196243032582812
-73.89142667,40.80950667,1.0029252094886585,1.0027067351505123,0.00021847433814614625
-73.90793333,40.80256,0.9901983413889124,0.9899802936866413,0.00021804770227107362
-73.97130333,40.788585,0.9605890350549988,0.960806973565639,0.0002179385106402254
-73.88806167,40.81696333,1.0082139037150168,1.0084317886544174,0.00021788493940055886
-73.95195833,40.7693,0.9884793201799972,0.9886966401987118,0.00021732001871466178
-73.984475,40.78302333,0.97139859457,0.9711819815093348,0.00021661306066522723
-73.96988833,40.79453667,0.9853518716139114,0.9855682108560332,0.00021633924212183242
-73.95641333,40.76700667,1.0043092561389504,1.004093085698417,0.00021617044053345857
-73.92837833,40.80729333,1.015014374124345,1.0152303448885232,0.00021597076417823047
-73.93154167,40.83219333,1.0158202616699965,1.01603441858324,0.0002141569132434462
-73.92742833,40.83408,0.9986416672194244,0.9988546146607036,0.00021294744127919873
-73.96657,40.76173167,1.0090490716138252,1.0088369622072089,0.00021210940661631206
-73.89134,40.82487,1.0299366982249951,1.0301463230258066,0.00020962480081143653
-73.93458833,40.85452333,1.039095035495153,1.0393036544738974,0.0002086189787444681
-73.95968167,40.80942667,0.9914706561100022,0.9916774902932908,0.0002068341832885956
-73.90180167,40.82991833,1.0030151713169573,1.0032216269727865,0.00020645565582921854
-73.899475,40.80542167,0.9775411404899984,0.9773359725519241,0.00020516793807434652
-73.971665,40.78876333,0.9634596010819464,0.9632599282625007,0.00019967281944566206
-73.95322833,40.78605333,0.9770838898628772,0.9768842709807113,0.0001996188821659084
-73.93840833,40.85323,1.0092395634499989,1.0094380364653874,0.0001984730153885561
-73.91389667,40.83019833,1.0106832422500014,1.0108795215260291,0.0001962792760277221
-73.95396167,40.79502333,1.006045675337493,1.0058494237417936,0.00019625159569924833
-73.91331167,40.82978,0.999457768734998,0.9992624596759115,0.00019530905908649032
-73.95539167,40.79191833,0.9868192694600024,0.9870135773641523,0.00019430790414987076
-73.971035,40.76733,0.9862146314649958,0.9860208100468848,0.0001938214181109732
-73.98492333,40.78015333,0.9866932964462316,0.9868858359488458,0.0001925395026142196
-73.88961,40.81392,1.0180783386349974,1.0182690209060423,0.00019068227104490632
-73.92255,40.82338833,1.001013239454999,1.0008229532794308,0.0001902861755682661
-73.95827667,40.774705,0.994976744363826,0.9951667209421635,0.00018997657833752513
-73.99017,40.76980833,1.014995122368372,1.0148053896400442,0.00018973272832778498
-73.91743333,40.81610667,1.032452618000001,1.0326384774076605,0.00018585940765936115
-73.947145,40.805955,0.9875645236813712,0.9873797893081653,0.00018473437320587482
-73.92969667,40.81767667,1.0149812208050015,1.0151648099143642,0.0001835891093626696
-73.96223833,40.79151333,0.9674997001449984,0.96768279985814,0.0001830997131415657
-73.97109,40.76729167,0.9855264498499964,0.9857076592887464,0.0001812094387499963
-73.89173,40.82368333,1.0274153696050048,1.0272349868266455,0.0001803827783593004
-73.96195667,40.79138333,0.9686152151199984,0.9687926736608304,0.00017745854083206503
-73.95805167,40.81524667,1.014061041229998,1.014238307313681,0.0001772660836829587
-73.96528333,40.79930667,0.9924479335000036,0.9922710659631766,0.00017686753682699674
-73.9158,40.82084,1.01534209770766,1.0151653277777937,0.0001767699298662606
-73.96764,40.802315,1.0009807442761174,1.0011558673938654,0.0001751231177480328
-73.92176167,40.84128667,1.0017903737149976,1.0016152678892671,0.0001751058257304372
-73.94682833,40.79254,1.000902649374999,1.001075290633894,0.00017264125889493442
-73.97831833,40.7908,0.9765259973149994,0.976698101877134,0.00017210456213456737
-73.983515,40.775965,0.9857440235250026,0.9859139786859812,0.00016995516097861874
-73.954065,40.79587667,0.9930814621742194,0.9929125641229904,0.00016889805122899393
-73.90821167,40.82911,1.0161790225690273,1.016346117053145,0.00016709448411766914
-73.890005,40.809575,1.0068216116700024,1.0066564527420776,0.00016515892792479114
-73.95698167,40.81402333,1.0014868925522156,1.001650227417807,0.00016333486559139132
-73.88556,40.82123,1.0191680096250018,1.0190065418402452,0.00016146778475656376
-73.97192833,40.788875,0.963698774334996,0.963543172307508,0.0001556020274879888
-73.91854833,40.81467667,1.025639319654996,1.0257946448374042,0.00015532518240823912
-73.93567,40.85557833,1.0159139426660055,1.016069113208207,0.00015517054220137716
-73.953395,40.82254333,1.0074064156999964,1.007561554783673,0.000155139083676481
-73.988065,40.76966,0.996139471425002,0.9959844826400279,0.00015498878497410828
-73.989665,40.76961833,1.0108911991699971,1.01104486676819,0.00015366759819279707
-73.94990333,40.81204167,1.0220331282850004,1.021879648408585,0.0001534798764153411
-73.97126833,40.767035,0.9900029357800016,0.9898497554644715,0.00015318031553013256
-73.950725,40.82658,1.0188278250800027,1.0186776910341424,0.000150134045860284
-73.92109333,40.84207833,1.0097281524316684,1.009578461524621,0.00014969090704730625
-73.899135,40.81350667,0.9854927921700024,0.9856397637441635,0.0001469715741611033
-73.92715333,40.83694667,1.0096696818338438,1.009522784668945,0.000146897164898796
-73.95652667,40.817855,1.0075837201149975,1.0077301241486365,0.00014640403363896937
-73.956985,40.76223,0.9855491781227024,0.9856955711091945,0.00014639298649210541
-73.91932333,40.80423333,1.0248885283404423,1.0250346480972505,0.0001461197568082273
-73.96372167,40.79215333,0.9753215292450016,0.9754675416118077,0.00014601236680611418
-73.92448833,40.84360667,0.9791161995634527,0.9789710199927439,0.00014517957070880882
-73.98251167,40.77396333,0.9809357685750014,0.9807924155216218,0.00014335305337964677
-73.91785333,40.82135,1.0091121668570744,1.0089701908652093,0.00014197599186505094
-73.909725,40.81127667,1.0131426646699968,1.013284097977814,0.00014143330781712926
-73.94783333,40.80122333,0.9982082916498726,0.998068272054127,0.00014001959574561074
-73.95734167,40.822095,1.0033187980250036,1.0034581031509708,0.00013930512596727063
-73.895245,40.84396167,0.999464380609997,0.9996029780042661,0.00013859739426913542
-73.96678333,40.80389833,1.0042364952422416,1.0040985389985237,0.00013795624371781834
-73.88797,40.82323333,0.9867904206000008,0.9869271948402116,0.00013677424021085738
-73.89359333,40.84446,0.9940200505306755,0.9941565398020789,0.00013648927140330613
-73.955205,40.795475,0.9762284867200004,0.9763648054424845,0.0001363187224840967
-73.92731333,40.81059333,1.0117993852529523,1.011663950952502,0.0001354343004502656
-73.98191,40.76774,0.9768631763200027,0.9767287930964557,0.00013438322354708543
-73.980605,40.78903,0.9767117828228488,0.9765774539830001,0.00013432883984865196
-73.95703833,40.77775833,1.0031756475564306,1.0033084572115698,0.00013280965513917664
-73.927665,40.81009,1.0194990685382164,1.0196298345894679,0.00013076605125150742
-73.95110833,40.77415333,1.0017361548222057,1.001605997623774,0.00013015719843179063
-73.90882667,40.843765,0.998212430660002,0.9983403109148355,0.0001278802548335678
-73.95433833,40.81791833,1.0102709336249955,1.0101436880720993,0.00012724555289622685
-73.95801667,40.81085833,0.9857596503100008,0.985633154048586,0.00012649626141481018
-73.91715167,40.844005,0.9931889254440776,0.9933131111537363,0.00012418570965877507
-73.99154333,40.77016833,1.0201188417250024,1.0199950857593156,0.00012375596568681146
-73.96059167,40.797535,0.983745592739997,0.983869141587792,0.00012354884779508524
-73.95697833,40.783335,0.9810060889749996,0.9808827193433795,0.00012336963162018488
-73.91238,40.83506167,0.996195968435002,0.9960734217850518,0.00012254664995026143
-73.99219333,40.77056833,1.0005011604049998,1.000378678096327,0.00012248230867273335
-73.93497,40.85694833,1.007958158523683,1.0080798167780252,0.00012165825434218291
-73.892235,40.842125,0.9861719585300016,0.9862934062365285,0.0001214477065268893
-73.98765833,40.770145,0.992175064750004,0.9920536220986144,0.00012144265138969157
-73.97388833,40.79209333,0.9762027905599818,0.9763222351714737,0.00011944461149182573
-73.96481667,40.799195,0.9934354674081434,0.9933171224324886,0.00011834497565477164
-73.969145,40.793605,0.9855302328795684,0.9854120869321519,0.00011814594741654805
-73.89948167,40.81362667,0.9810541712849992,0.9811720681566951,0.00011789687169594387
-73.926155,40.83864667,1.006959882699277,1.0070749730257216,0.00011509032644463346
-73.89158833,40.82145833,1.00163936530501,1.0017540184511522,0.00011465314614222955
-73.96236,40.78117,0.9671433282806924,0.967255727545078,0.00011239926438566528
-73.90213833,40.83855167,1.0101928002650016,1.0103042565257474,0.0001114562607458236
-73.97195667,40.76595333,0.9877454603999992,0.9878561707909173,0.00011071039091803403
-73.925235,40.826975,0.9997612896999992,0.9996514331292377,0.0001098565707615684
-73.88878,40.81404333,1.0151506460578623,1.0150415791756429,0.00010906688221945515
-73.9465,40.78071167,0.9762369011650004,0.976128824798463,0.00010807636653742403
-73.97374167,40.79201333,0.976223808938409,0.9763317915837725,0.00010798264536349134
-73.90333667,40.83239167,1.0068486579999971,1.006741222551544,0.00010743544845315256
-73.90371167,40.80930667,0.9910542615447394,0.9911615740784478,0.00010731253370843685
-73.95254167,40.76849333,0.9780171571249968,0.9781230921569696,0.00010593503197275922
-73.95569667,40.79168167,0.9844217536249976,0.9843178621272264,0.00010389149777123574
-73.92541,40.80601,1.0251206290350028,1.0250173891575,0.00010323987750271435
-73.92572833,40.84127,0.9926606990400032,0.9925578077663887,0.00010289127361451378
-73.964275,40.76059167,0.9923192019664884,0.9924196836588737,0.00010048169238530136
-73.98581667,40.78309667,0.9702842806449992,0.9701854381315986,9.884251340053218e-05
-73.90118833,40.83146667,1.011231383314996,1.0111347309212626,9.66523937333541e-05
-73.95042167,40.828105,1.0067380994073003,1.006643585277149,9.451413015137966e-05
-73.94809667,40.78557667,0.9938351397827588,0.9939293999296033,9.426014684443818e-05
-73.9024,40.83583,1.0029996500449978,1.0030928962384742,9.324619347639285e-05
-73.96383333,40.76041333,0.990156799865004,0.9902482391457867,9.143928078270136e-05
-73.90134833,40.83540667,1.0033488843152902,1.003257992571359,9.08917439312873e-05
-73.93510667,40.856515,1.0054518601500029,1.0053613476809957,9.051246900715348e-05
-73.93015333,40.81678333,1.0129617534850008,1.0130520425895588,9.028910455799455e-05
-73.94524667,40.791905,1.0043796191650018,1.004469452678202,8.983351320024369e-05
-73.95790833,40.774565,0.9934252355677584,0.9935140955017803,8.885993402185655e-05
-73.90656667,40.81275833,1.0091181628732324,1.0090300742335399,8.808863969256286e-05
-73.91502,40.83927167,1.0123781519999973,1.0124650258699965,8.687386999928215e-05
-73.97515667,40.78964,0.9736831166049954,0.9737646154191919,8.149881419650118e-05
-73.89255833,40.818625,1.0300707272151757,1.030151120437773,8.039322259723036e-05
-73.945695,40.78186167,0.974796590472794,0.9748768556545895,8.026518179549136e-05
-73.94704833,40.78009,0.9716727107416356,0.9717495855783499,7.687483671425799e-05
-73.93056167,40.815525,1.0214723661149971,1.0215475786791892,7.521256419207312e-05
-73.89524667,40.81734,0.9939655389500008,0.9940402749548387,7.473600483787202e-05
-73.93136167,40.83259333,1.0183026116248943,1.0182282657568607,7.434586803367615e-05
-73.94806667,40.79310667,0.998193799000004,0.9981201377594819,7.366124052210488e-05
-73.94396667,40.77597333,0.9801094393330416,0.9801829019299814,7.3462596939744e-05
-73.94836,40.80914,1.0097474351450026,1.0096741808514569,7.325429354576585e-05
-73.95993833,40.77355667,0.982458182410002,0.9825312014227866,7.301901278455869e-05
-73.93213833,40.79653667,0.9832622762133876,0.9831925686839051,6.97075294824323e-05
-73.95583833,40.78309833,0.9683628238143832,0.9682940077034123,6.88161109708707e-05
-73.88878333,40.82164667,1.0199067192182616,1.0199753527222803,6.863350401875579e-05
-73.95286,40.78659167,0.9814851120000012,0.9814169150863362,6.819691366499736e-05
-73.89783167,40.83627167,1.000343725124946,1.0002763752752668,6.734984967926572e-05
-73.98471,40.785675,0.9812266680299976,0.9811594133152823,6.725471471524802e-05
-73.97565,40.78978167,0.971809247469978,0.9717425171502543,6.67303197237068e-05
-73.95836333,40.78989667,0.9795287768107076,0.9794627644586412,6.601235206638023e-05
-73.95971333,40.81915833,1.0113317555500023,1.0112678777083692,6.387784163308652e-05
-73.90573167,40.826655,1.007498975105003,1.0075627202357995,6.37451307965442e-05
-73.9144,40.81598167,1.003104911119123,1.003041299994981,6.361112414210446e-05
-73.95296333,40.81264667,1.009002756849999,1.0090656087683059,6.285191830679437e-05
-73.89440833,40.84419667,0.9953694142672552,0.9953080668707398,6.134739651542098e-05
-73.92344167,40.82275167,1.007630665106208,1.0076908493179395,6.018421173159538e-05
-73.903065,40.83277167,1.00459058118,1.0045309413699917,5.96398100083384e-05
-73.89895667,40.83655833,0.9944713277695348,0.9945301614789989,5.883370946402344e-05
-73.98085833,40.76942167,0.9739980566900032,0.9739392600941489,5.879659585428243e-05
-73.98065667,40.78737833,0.9736173233014296,0.9736760296237468,5.8706322317192416e-05
-73.88944167,40.80749333,0.996421355824998,0.9963635891195982,5.776670539980877e-05
-73.947745,40.79293,0.9971870699349996,0.9971295414981635,5.752843683615172e-05
-73.94727833,40.77857833,0.9790791806349978,0.9790227112519978,5.646938299996851e-05
-73.95009667,40.79031333,0.9984786875949976,0.9985331192354178,5.443164042018278e-05
-73.8973,40.83765167,1.004041838874999,1.0040944370648863,5.259818988734288e-05
-73.971365,40.79778667,0.9841118197350334,0.9841627869330819,5.096719804853489e-05
-73.92663333,40.83859667,1.0050991843240589,1.0050491625460454,5.0021778013498164e-05
-73.95799667,40.76086,0.9835286199999962,0.9834813164496646,4.730355033155664e-05
-73.88502167,40.81249667,1.0070109366249995,1.0069639041482354,4.703247676407507e-05
-73.98243167,40.76812833,0.9705577501950003,0.9705111792148781,4.6570980122284666e-05
-73.983185,40.78434667,0.9820723609174884,0.9820264327411315,4.592817635684643e-05
-73.91536,40.839385,1.019031575595002,1.0190768908568297,4.531526182782741e-05
-73.98481667,40.77417667,0.9952510156384102,0.9952063487288636,4.466690954663122e-05
-73.91302167,40.83857333,1.0036896345999993,1.0036452364054158,4.43981945834615e-05
-73.96766833,40.80002167,0.9926332745272288,0.9926767927612796,4.351823405079891e-05
-73.95227333,40.8224,1.0149842258599988,1.0150264790948746,4.22532348758331e-05
-73.96015833,40.758905,0.9733122154663464,0.9732700578910405,4.215757530590114e-05
-73.942635,40.79075333,0.9931589879979156,0.9931172245935284,4.176340438721837e-05
-73.93105167,40.85722,1.0258316505250025,1.0258729360267569,4.128550175441781e-05
-73.97201333,40.765855,0.9881528209155068,0.9881134969937821,3.932392172467658e-05
-73.97688333,40.79036333,0.9747114818850025,0.9747505531294047,3.907124440227783e-05
-73.91444167,40.81590167,1.0029221172599976,1.002885304270683,3.681298931468291e-05
-73.98053,40.78922667,0.976601739812968,0.976564979264678,3.6760548290049044e-05
-73.95643167,40.82298167,0.9924238920000032,0.9924597451217406,3.585312173737254e-05
-73.92993167,40.81725667,1.0128589770000007,1.012892931546548,3.3954546547310116e-05
-73.91132167,40.83815,1.0076516366600046,1.0076810963998535,2.9459739848913813e-05
-73.95663667,40.80783667,1.0020818741199964,1.0021081430325764,2.626891258006303e-05
-73.967625,40.80240833,1.0026991247949846,1.002673486435327,2.5638359657520482e-05
-73.90519333,40.80768,0.9988699595200008,0.9988444162611401,2.554325886072739e-05
-73.91836833,40.809095,1.022613786462511,1.0226391931356635,2.5406673152428283e-05
-73.97020667,40.79417333,0.9842445103403794,0.9842696470328216,2.513669244219585e-05
-73.98071167,40.78740333,0.9763054635252032,0.9762811526411734,2.4310884029765667e-05
-73.984385,40.774745,0.9950848610778464,0.9951083902549418,2.352917709536051e-05
-73.95912167,40.80943333,0.9935742676349986,0.9935970760088287,2.280837383017431e-05
-73.97923667,40.78652667,0.9756304599200014,0.9756519585109475,2.1498590946134044e-05
-73.977965,40.79070667,0.9759713782439922,0.975992203305525,2.0825061532891986e-05
-73.99138833,40.77586333,0.9982208241207532,0.9982408587513009,2.003463054767174e-05
-73.95279,40.77490333,0.9980080796500008,0.9980274606150631,1.938096506226561e-05
-73.98191333,40.78349667,0.9980423384500036,0.9980241539299753,1.8184520028219353e-05
-73.91684167,40.81832667,1.0213786047499982,1.0213612782658492,1.7326484148982857e-05
-73.95826667,40.81553333,1.0142239013145424,1.0142409061335955,1.700481905309026e-05
-73.96991,40.79022,0.9732695251991664,0.9732526396259759,1.68855731905726e-05
-73.98121,40.76888333,0.9804729738199994,0.9804564324184022,1.6541401597236494e-05
-73.92964,40.80978667,1.0254307617350018,1.0254145266046895,1.623513031234758e-05
-73.9076,40.82537,1.0135352358214251,1.013519159909728,1.607591169716649e-05
-73.95032333,40.81512333,0.9732833667740256,0.9732978416179598,1.4474843934242365e-05
-73.902365,40.80613167,0.9825711764450024,0.9825855139584383,1.4337513435935811e-05
-73.96049833,40.75905833,0.9748880051719984,0.9748741361225365,1.3869049461878724e-05
-73.970795,40.76757167,0.9853521509750032,0.9853657266050777,1.3575630074535994e-05
-73.88117167,40.80541333,0.990983262974794,0.9909964639277982,1.3200953004166571e-05
-73.95131833,40.80464333,1.0137321488559048,1.013743256525536,1.1107669631194028e-05
-73.897585,40.81975,0.9903401149899996,0.9903512002855177,1.1085295518076244e-05
-73.93138833,40.832545,1.0181757818204085,1.0181852502951498,9.468474741369803e-06
-73.95641667,40.80816,1.0070704391800018,1.0070794890384691,9.049858467280458e-06
-73.97783167,40.78652,0.9849488588149992,0.9849567315739656,7.872758966409599e-06
-73.94582167,40.813665,1.009345945575003,1.0093495140321782,3.5684571753069605e-06
-73.95286,40.818075,0.9951362833119558,0.9951397904361373,3.5071241815121112e-06
-73.89917,40.84107,1.0275752439449988,1.0275738918545403,1.3520904584840565e-06
-73.95300667,40.768135,0.9802896589199984,0.9802890539542377,6.049657607087866e-07
