user_id,date,steps,heart_rate,class_attended,churned
user_0,2025-09-30,409,154,0,0
user_0,2025-09-29,3657,77,1,0
user_0,2025-09-28,11087,154,1,0
user_0,2025-09-27,1424,135,0,0
user_0,2025-09-26,488,71,0,0
user_0,2025-09-25,8279,137,0,0
user_0,2025-09-24,3257,151,0,0
user_0,2025-09-23,8928,113,0,0
user_0,2025-09-22,9654,95,1,0
user_0,2025-09-21,106,157,1,0
user_0,2025-09-20,11438,114,0,0
user_0,2025-09-19,2547,87,1,0
user_0,2025-09-18,5514,73,0,0
user_0,2025-09-17,1584,105,1,0
user_0,2025-09-16,9891,93,1,0
user_0,2025-09-15,11955,118,0,0
user_0,2025-09-14,6201,70,0,0
user_0,2025-09-13,10299,139,1,0
user_0,2025-09-12,5925,133,0,0
user_0,2025-09-11,1139,65,0,0
user_0,2025-09-10,4741,70,1,0
user_0,2025-09-09,1654,108,0,0
user_0,2025-09-08,10415,106,0,0
user_0,2025-09-07,5820,86,0,0
user_0,2025-09-06,11498,147,0,0
user_0,2025-09-05,9980,141,0,0
user_0,2025-09-04,11946,91,0,0
user_0,2025-09-03,6216,94,1,0
user_0,2025-09-02,10485,148,0,0
user_0,2025-09-01,11216,101,1,0
user_1,2025-09-30,3752,64,1,0
user_1,2025-09-29,6572,94,0,0
user_1,2025-09-28,9292,151,0,0
user_1,2025-09-27,10738,123,0,0
user_1,2025-09-26,10532,118,0,0
user_1,2025-09-25,2287,91,1,0
user_1,2025-09-24,8830,93,1,0
user_1,2025-09-23,7019,134,0,0
user_1,2025-09-22,3593,77,0,0
user_1,2025-09-21,1489,156,0,0
user_1,2025-09-20,1796,79,0,0
user_1,2025-09-19,11149,114,0,0
user_1,2025-09-18,6304,108,0,0
user_1,2025-09-17,7668,127,0,0
user_1,2025-09-16,9064,61,0,0
user_1,2025-09-15,1876,147,1,0
user_1,2025-09-14,4371,158,0,0
user_1,2025-09-13,1827,97,0,0
user_1,2025-09-12,7433,60,1,0
user_1,2025-09-11,11791,93,1,0
user_1,2025-09-10,2927,124,1,0
user_1,2025-09-09,10244,98,1,0
user_1,2025-09-08,8317,137,0,0
user_1,2025-09-07,6126,157,0,0
user_1,2025-09-06,8689,60,0,0
user_1,2025-09-05,8005,62,0,0
user_1,2025-09-04,5947,99,0,0
user_1,2025-09-03,3946,132,1,0
user_1,2025-09-02,1403,153,0,0
user_1,2025-09-01,1133,157,0,0
user_2,2025-09-30,2702,120,0,1
user_2,2025-09-29,3878,130,0,1
user_2,2025-09-28,676,93,0,1
user_2,2025-09-27,2161,137,0,1
user_2,2025-09-26,1733,87,0,1
user_2,2025-09-25,3804,129,0,1
user_2,2025-09-24,3093,153,0,1
user_2,2025-09-23,2825,85,0,1
user_2,2025-09-22,2920,99,0,1
user_2,2025-09-21,1634,145,0,1
user_2,2025-09-20,2661,107,0,1
user_2,2025-09-19,1794,126,0,1
user_2,2025-09-18,1849,75,0,1
user_2,2025-09-17,1015,88,0,1
user_2,2025-09-16,262,103,0,1
user_2,2025-09-15,86,135,0,1
user_2,2025-09-14,2268,89,0,1
user_2,2025-09-13,2410,88,0,1
user_2,2025-09-12,29,69,0,1
user_2,2025-09-11,2899,140,0,1
user_2,2025-09-10,241,89,0,1
user_2,2025-09-09,276,64,0,1
user_2,2025-09-08,3521,102,0,1
user_2,2025-09-07,290,125,0,1
user_2,2025-09-06,974,95,0,1
user_2,2025-09-05,2740,122,0,1
user_2,2025-09-04,877,129,0,1
user_2,2025-09-03,541,152,0,1
user_2,2025-09-02,3831,133,0,1
user_2,2025-09-01,2360,120,0,1
user_3,2025-09-30,7749,112,0,0
user_3,2025-09-29,1588,144,0,0
user_3,2025-09-28,6939,112,0,0
user_3,2025-09-27,11945,66,0,0
user_3,2025-09-26,10587,72,0,0
user_3,2025-09-25,11931,103,1,0
user_3,2025-09-24,1790,91,0,0
user_3,2025-09-23,8786,117,0,0
user_3,2025-09-22,3006,95,0,0
user_3,2025-09-21,1235,116,1,0
user_3,2025-09-20,9016,72,0,0
user_3,2025-09-19,8856,61,1,0
user_3,2025-09-18,3872,81,0,0
user_3,2025-09-17,7886,87,1,0
user_3,2025-09-16,960,81,0,0
user_3,2025-09-15,6396,93,1,0
user_3,2025-09-14,7454,96,0,0
user_3,2025-09-13,11968,160,0,0
user_3,2025-09-12,11770,122,0,0
user_3,2025-09-11,4861,87,1,0
user_3,2025-09-10,9489,154,0,0
user_3,2025-09-09,5138,67,0,0
user_3,2025-09-08,7811,124,1,0
user_3,2025-09-07,8701,80,0,0
user_3,2025-09-06,8320,70,1,0
user_3,2025-09-05,1122,136,0,0
user_3,2025-09-04,3853,111,0,0
user_3,2025-09-03,9333,91,0,0
user_3,2025-09-02,651,139,0,0
user_3,2025-09-01,10770,134,0,0
user_4,2025-09-30,4272,86,0,0
user_4,2025-09-29,5147,90,0,0
user_4,2025-09-28,2144,145,0,0
user_4,2025-09-27,7491,100,1,0
user_4,2025-09-26,1188,61,0,0
user_4,2025-09-25,9224,72,0,0
user_4,2025-09-24,3492,124,0,0
user_4,2025-09-23,5718,68,1,0
user_4,2025-09-22,6054,96,0,0
user_4,2025-09-21,8900,150,0,0
user_4,2025-09-20,10714,127,0,0
user_4,2025-09-19,9086,98,1,0
user_4,2025-09-18,1697,77,0,0
user_4,2025-09-17,1753,155,0,0
user_4,2025-09-16,4462,96,0,0
user_4,2025-09-15,11757,103,0,0
user_4,2025-09-14,10391,93,0,0
user_4,2025-09-13,4114,66,0,0
user_4,2025-09-12,6939,95,0,0
user_4,2025-09-11,5464,158,0,0
user_4,2025-09-10,4291,80,1,0
user_4,2025-09-09,9038,150,0,0
user_4,2025-09-08,158,74,0,0
user_4,2025-09-07,11321,79,0,0
user_4,2025-09-06,6049,134,0,0
user_4,2025-09-05,7041,76,0,0
user_4,2025-09-04,5974,65,1,0
user_4,2025-09-03,3441,147,0,0
user_4,2025-09-02,1684,105,1,0
user_4,2025-09-01,6658,139,1,0
user_5,2025-09-30,3878,80,1,0
user_5,2025-09-29,2900,112,0,0
user_5,2025-09-28,5442,160,1,0
user_5,2025-09-27,10975,154,1,0
user_5,2025-09-26,4371,80,1,0
user_5,2025-09-25,1771,108,1,0
user_5,2025-09-24,7711,88,0,0
user_5,2025-09-23,7541,104,0,0
user_5,2025-09-22,3728,88,0,0
user_5,2025-09-21,3164,111,0,0
user_5,2025-09-20,1137,158,0,0
user_5,2025-09-19,10510,125,0,0
user_5,2025-09-18,8785,102,1,0
user_5,2025-09-17,1889,93,0,0
user_5,2025-09-16,4349,64,0,0
user_5,2025-09-15,7119,104,1,0
user_5,2025-09-14,5139,115,0,0
user_5,2025-09-13,8379,74,0,0
user_5,2025-09-12,9446,84,0,0
user_5,2025-09-11,11612,115,0,0
user_5,2025-09-10,8821,147,1,0
user_5,2025-09-09,10987,85,0,0
user_5,2025-09-08,1146,145,1,0
user_5,2025-09-07,10209,100,0,0
user_5,2025-09-06,2041,152,1,0
user_5,2025-09-05,8308,99,0,0
user_5,2025-09-04,5344,111,0,0
user_5,2025-09-03,9083,76,0,0
user_5,2025-09-02,10894,108,0,0
user_5,2025-09-01,2851,138,0,0
user_6,2025-09-30,6,98,0,0
user_6,2025-09-29,7043,160,0,0
user_6,2025-09-28,10726,101,0,0
user_6,2025-09-27,7244,146,0,0
user_6,2025-09-26,7752,154,0,0
user_6,2025-09-25,1389,96,0,0
user_6,2025-09-24,10370,139,0,0
user_6,2025-09-23,3848,146,0,0
user_6,2025-09-22,3262,78,0,0
user_6,2025-09-21,4011,120,0,0
user_6,2025-09-20,1193,118,0,0
user_6,2025-09-19,10318,133,0,0
user_6,2025-09-18,11409,109,0,0
user_6,2025-09-17,3997,78,0,0
user_6,2025-09-16,90,156,1,0
user_6,2025-09-15,1746,159,0,0
user_6,2025-09-14,2881,149,0,0
user_6,2025-09-13,822,131,0,0
user_6,2025-09-12,1988,118,0,0
user_6,2025-09-11,7612,145,0,0
user_6,2025-09-10,9157,136,0,0
user_6,2025-09-09,7251,138,1,0
user_6,2025-09-08,8270,114,1,0
user_6,2025-09-07,8976,117,1,0
user_6,2025-09-06,7777,117,0,0
user_6,2025-09-05,4050,141,0,0
user_6,2025-09-04,8540,122,0,0
user_6,2025-09-03,4499,116,0,0
user_6,2025-09-02,4681,90,0,0
user_6,2025-09-01,5238,129,0,0
user_7,2025-09-30,1568,148,0,1
user_7,2025-09-29,625,150,0,1
user_7,2025-09-28,876,68,0,1
user_7,2025-09-27,1699,112,0,1
user_7,2025-09-26,1355,129,0,1
user_7,2025-09-25,1908,113,0,1
user_7,2025-09-24,255,86,0,1
user_7,2025-09-23,3411,113,0,1
user_7,2025-09-22,1595,158,0,1
user_7,2025-09-21,2392,149,0,1
user_7,2025-09-20,80,157,0,1
user_7,2025-09-19,2358,108,0,1
user_7,2025-09-18,1953,60,0,1
user_7,2025-09-17,3861,105,0,1
user_7,2025-09-16,1223,156,0,1
user_7,2025-09-15,1597,113,0,1
user_7,2025-09-14,2204,155,0,1
user_7,2025-09-13,3009,129,0,1
user_7,2025-09-12,3276,137,0,1
user_7,2025-09-11,3677,88,0,1
user_7,2025-09-10,1999,88,0,1
user_7,2025-09-09,1117,115,0,1
user_7,2025-09-08,1989,63,0,1
user_7,2025-09-07,1592,103,0,1
user_7,2025-09-06,2739,146,0,1
user_7,2025-09-05,3269,111,0,1
user_7,2025-09-04,2966,81,0,1
user_7,2025-09-03,3442,119,0,1
user_7,2025-09-02,3766,76,0,1
user_7,2025-09-01,2548,128,0,1
user_8,2025-09-30,1613,135,0,1
user_8,2025-09-29,2311,144,0,1
user_8,2025-09-28,111,70,0,1
user_8,2025-09-27,2632,114,0,1
user_8,2025-09-26,555,119,0,1
user_8,2025-09-25,744,66,0,1
user_8,2025-09-24,1065,108,0,1
user_8,2025-09-23,1340,87,0,1
user_8,2025-09-22,1862,101,0,1
user_8,2025-09-21,1382,157,0,1
user_8,2025-09-20,3603,108,0,1
user_8,2025-09-19,1139,156,0,1
user_8,2025-09-18,3896,113,0,1
user_8,2025-09-17,1033,70,0,1
user_8,2025-09-16,1926,62,0,1
user_8,2025-09-15,3068,129,0,1
user_8,2025-09-14,213,104,0,1
user_8,2025-09-13,918,143,0,1
user_8,2025-09-12,281,159,0,1
user_8,2025-09-11,3921,143,0,1
user_8,2025-09-10,164,156,0,1
user_8,2025-09-09,127,91,0,1
user_8,2025-09-08,816,62,0,1
user_8,2025-09-07,2544,79,0,1
user_8,2025-09-06,977,76,0,1
user_8,2025-09-05,1939,145,0,1
user_8,2025-09-04,468,132,0,1
user_8,2025-09-03,3882,87,0,1
user_8,2025-09-02,1904,149,0,1
user_8,2025-09-01,1049,158,0,1
user_9,2025-09-30,9926,137,1,0
user_9,2025-09-29,11769,74,1,0
user_9,2025-09-28,2683,99,0,0
user_9,2025-09-27,420,99,0,0
user_9,2025-09-26,6149,110,1,0
user_9,2025-09-25,3249,69,0,0
user_9,2025-09-24,10276,91,0,0
user_9,2025-09-23,4941,147,0,0
user_9,2025-09-22,1983,132,1,0
user_9,2025-09-21,5688,128,0,0
user_9,2025-09-20,6071,68,0,0
user_9,2025-09-19,5590,61,1,0
user_9,2025-09-18,8031,73,0,0
user_9,2025-09-17,5934,141,1,0
user_9,2025-09-16,7532,150,0,0
user_9,2025-09-15,2885,153,0,0
user_9,2025-09-14,10657,94,0,0
user_9,2025-09-13,8817,159,0,0
user_9,2025-09-12,7136,153,0,0
user_9,2025-09-11,5280,91,1,0
user_9,2025-09-10,1419,95,1,0
user_9,2025-09-09,3995,156,0,0
user_9,2025-09-08,9999,145,0,0
user_9,2025-09-07,470,123,1,0
user_9,2025-09-06,2979,122,0,0
user_9,2025-09-05,4232,103,0,0
user_9,2025-09-04,9767,149,1,0
user_9,2025-09-03,9106,61,0,0
user_9,2025-09-02,3130,70,0,0
user_9,2025-09-01,6658,122,0,0
user_10,2025-09-30,7800,142,1,0
user_10,2025-09-29,7342,62,0,0
user_10,2025-09-28,3630,111,0,0
user_10,2025-09-27,5016,144,0,0
user_10,2025-09-26,7753,130,0,0
user_10,2025-09-25,6971,155,0,0
user_10,2025-09-24,5764,149,0,0
user_10,2025-09-23,5023,92,0,0
user_10,2025-09-22,11817,84,0,0
user_10,2025-09-21,8779,157,0,0
user_10,2025-09-20,3138,87,1,0
user_10,2025-09-19,4530,152,0,0
user_10,2025-09-18,8595,136,0,0
user_10,2025-09-17,1647,84,0,0
user_10,2025-09-16,5912,82,0,0
user_10,2025-09-15,11600,128,0,0
user_10,2025-09-14,745,66,0,0
user_10,2025-09-13,11426,76,0,0
user_10,2025-09-12,8042,73,1,0
user_10,2025-09-11,9405,96,0,0
user_10,2025-09-10,7216,103,0,0
user_10,2025-09-09,841,92,1,0
user_10,2025-09-08,7827,74,1,0
user_10,2025-09-07,6565,122,0,0
user_10,2025-09-06,10312,147,0,0
user_10,2025-09-05,2444,132,1,0
user_10,2025-09-04,1395,91,0,0
user_10,2025-09-03,6818,137,0,0
user_10,2025-09-02,10132,88,1,0
user_10,2025-09-01,6232,117,1,0
user_11,2025-09-30,9642,114,0,0
user_11,2025-09-29,10174,67,0,0
user_11,2025-09-28,1625,157,0,0
user_11,2025-09-27,3457,93,0,0
user_11,2025-09-26,2573,90,0,0
user_11,2025-09-25,1229,80,0,0
user_11,2025-09-24,7381,148,0,0
user_11,2025-09-23,4771,64,0,0
user_11,2025-09-22,11582,96,1,0
user_11,2025-09-21,7438,69,0,0
user_11,2025-09-20,4334,160,1,0
user_11,2025-09-19,9663,144,1,0
user_11,2025-09-18,3241,114,0,0
user_11,2025-09-17,3683,142,0,0
user_11,2025-09-16,4352,78,0,0
user_11,2025-09-15,2718,99,0,0
user_11,2025-09-14,9325,96,0,0
user_11,2025-09-13,7679,148,0,0
user_11,2025-09-12,6594,94,0,0
user_11,2025-09-11,8090,116,0,0
user_11,2025-09-10,653,115,1,0
user_11,2025-09-09,9891,92,0,0
user_11,2025-09-08,3750,146,1,0
user_11,2025-09-07,9424,135,1,0
user_11,2025-09-06,11014,94,0,0
user_11,2025-09-05,2870,120,0,0
user_11,2025-09-04,7245,95,0,0
user_11,2025-09-03,9590,115,0,0
user_11,2025-09-02,8056,71,0,0
user_11,2025-09-01,6690,102,0,0
user_12,2025-09-30,658,102,0,1
user_12,2025-09-29,1686,148,0,1
user_12,2025-09-28,2029,96,0,1
user_12,2025-09-27,2713,111,0,1
user_12,2025-09-26,3332,157,0,1
user_12,2025-09-25,2253,64,0,1
user_12,2025-09-24,1862,71,0,1
user_12,2025-09-23,1288,92,0,1
user_12,2025-09-22,1324,74,0,1
user_12,2025-09-21,3973,158,0,1
user_12,2025-09-20,1655,125,0,1
user_12,2025-09-19,3378,60,0,1
user_12,2025-09-18,2693,129,0,1
user_12,2025-09-17,1892,112,0,1
user_12,2025-09-16,222,84,0,1
user_12,2025-09-15,2123,106,0,1
user_12,2025-09-14,2550,156,0,1
user_12,2025-09-13,2041,140,0,1
user_12,2025-09-12,1810,157,0,1
user_12,2025-09-11,211,86,0,1
user_12,2025-09-10,1093,130,0,1
user_12,2025-09-09,536,96,0,1
user_12,2025-09-08,1794,149,0,1
user_12,2025-09-07,1985,75,0,1
user_12,2025-09-06,118,140,0,1
user_12,2025-09-05,2493,90,0,1
user_12,2025-09-04,2907,80,0,1
user_12,2025-09-03,1272,130,0,1
user_12,2025-09-02,56,130,0,1
user_12,2025-09-01,1671,71,0,1
user_13,2025-09-30,1858,119,1,0
user_13,2025-09-29,10612,79,0,0
user_13,2025-09-28,11740,97,0,0
user_13,2025-09-27,4479,113,1,0
user_13,2025-09-26,7736,91,0,0
user_13,2025-09-25,2369,109,0,0
user_13,2025-09-24,9820,125,1,0
user_13,2025-09-23,2236,68,0,0
user_13,2025-09-22,6798,103,1,0
user_13,2025-09-21,8318,94,1,0
user_13,2025-09-20,4634,152,0,0
user_13,2025-09-19,9616,134,1,0
user_13,2025-09-18,8022,79,0,0
user_13,2025-09-17,7935,104,0,0
user_13,2025-09-16,8903,108,0,0
user_13,2025-09-15,5272,84,1,0
user_13,2025-09-14,3912,133,0,0
user_13,2025-09-13,6730,65,0,0
user_13,2025-09-12,7749,150,1,0
user_13,2025-09-11,6246,109,1,0
user_13,2025-09-10,10682,79,0,0
user_13,2025-09-09,606,76,0,0
user_13,2025-09-08,9669,102,1,0
user_13,2025-09-07,7213,72,0,0
user_13,2025-09-06,7486,61,1,0
user_13,2025-09-05,6717,143,1,0
user_13,2025-09-04,1225,120,1,0
user_13,2025-09-03,4342,103,0,0
user_13,2025-09-02,6512,143,0,0
user_13,2025-09-01,5383,146,1,0
user_14,2025-09-30,5188,140,1,0
user_14,2025-09-29,7994,129,0,0
user_14,2025-09-28,1121,90,0,0
user_14,2025-09-27,4708,89,1,0
user_14,2025-09-26,7110,72,1,0
user_14,2025-09-25,11532,72,0,0
user_14,2025-09-24,11370,98,1,0
user_14,2025-09-23,753,101,1,0
user_14,2025-09-22,4806,105,0,0
user_14,2025-09-21,2385,91,0,0
user_14,2025-09-20,9272,147,1,0
user_14,2025-09-19,2785,82,0,0
user_14,2025-09-18,6267,139,0,0
user_14,2025-09-17,8153,134,0,0
user_14,2025-09-16,7555,141,0,0
user_14,2025-09-15,4183,145,0,0
user_14,2025-09-14,7622,96,0,0
user_14,2025-09-13,2588,69,0,0
user_14,2025-09-12,5661,135,0,0
user_14,2025-09-11,6951,148,0,0
user_14,2025-09-10,4949,85,1,0
user_14,2025-09-09,7916,73,0,0
user_14,2025-09-08,9370,105,0,0
user_14,2025-09-07,11456,97,0,0
user_14,2025-09-06,10784,110,0,0
user_14,2025-09-05,9272,147,1,0
user_14,2025-09-04,803,137,1,0
user_14,2025-09-03,4689,159,1,0
user_14,2025-09-02,9946,105,0,0
user_14,2025-09-01,3115,139,0,0
user_15,2025-09-30,10800,147,1,0
user_15,2025-09-29,10293,72,1,0
user_15,2025-09-28,10589,65,0,0
user_15,2025-09-27,7222,64,0,0
user_15,2025-09-26,11998,76,0,0
user_15,2025-09-25,4835,101,1,0
user_15,2025-09-24,2877,85,0,0
user_15,2025-09-23,8837,106,0,0
user_15,2025-09-22,4465,81,0,0
user_15,2025-09-21,7894,97,1,0
user_15,2025-09-20,5549,74,0,0
user_15,2025-09-19,1233,78,1,0
user_15,2025-09-18,3696,146,1,0
user_15,2025-09-17,6511,131,0,0
user_15,2025-09-16,6464,61,0,0
user_15,2025-09-15,2024,118,0,0
user_15,2025-09-14,11015,93,0,0
user_15,2025-09-13,10461,107,0,0
user_15,2025-09-12,3830,120,0,0
user_15,2025-09-11,9198,101,1,0
user_15,2025-09-10,3626,142,0,0
user_15,2025-09-09,7606,149,0,0
user_15,2025-09-08,6689,74,0,0
user_15,2025-09-07,609,98,1,0
user_15,2025-09-06,1902,72,0,0
user_15,2025-09-05,8807,77,0,0
user_15,2025-09-04,6078,145,1,0
user_15,2025-09-03,11411,129,0,0
user_15,2025-09-02,11904,79,1,0
user_15,2025-09-01,10730,72,1,0
user_16,2025-09-30,4583,64,0,0
user_16,2025-09-29,3559,116,0,0
user_16,2025-09-28,3868,106,0,0
user_16,2025-09-27,11234,107,0,0
user_16,2025-09-26,10564,105,0,0
user_16,2025-09-25,4520,84,1,0
user_16,2025-09-24,7450,71,0,0
user_16,2025-09-23,10513,141,0,0
user_16,2025-09-22,349,66,1,0
user_16,2025-09-21,3990,76,1,0
user_16,2025-09-20,3362,68,1,0
user_16,2025-09-19,9080,86,0,0
user_16,2025-09-18,3817,102,1,0
user_16,2025-09-17,9764,60,0,0
user_16,2025-09-16,2370,76,0,0
user_16,2025-09-15,2858,74,0,0
user_16,2025-09-14,422,76,0,0
user_16,2025-09-13,3898,135,0,0
user_16,2025-09-12,2854,93,0,0
user_16,2025-09-11,6897,127,0,0
user_16,2025-09-10,1041,120,0,0
user_16,2025-09-09,5931,125,0,0
user_16,2025-09-08,7405,124,0,0
user_16,2025-09-07,10077,65,1,0
user_16,2025-09-06,10795,126,0,0
user_16,2025-09-05,10540,63,0,0
user_16,2025-09-04,7847,111,0,0
user_16,2025-09-03,1768,122,1,0
user_16,2025-09-02,7267,69,1,0
user_16,2025-09-01,5277,137,0,0
user_17,2025-09-30,2557,141,0,1
user_17,2025-09-29,2397,130,0,1
user_17,2025-09-28,2916,101,0,1
user_17,2025-09-27,1560,136,0,1
user_17,2025-09-26,2173,97,0,1
user_17,2025-09-25,1858,124,0,1
user_17,2025-09-24,2479,115,0,1
user_17,2025-09-23,406,149,0,1
user_17,2025-09-22,468,143,0,1
user_17,2025-09-21,2666,158,0,1
user_17,2025-09-20,2258,152,0,1
user_17,2025-09-19,3545,87,0,1
user_17,2025-09-18,1761,117,0,1
user_17,2025-09-17,3637,89,0,1
user_17,2025-09-16,1694,103,0,1
user_17,2025-09-15,3389,118,0,1
user_17,2025-09-14,1633,113,0,1
user_17,2025-09-13,2988,72,0,1
user_17,2025-09-12,1280,114,0,1
user_17,2025-09-11,1280,145,0,1
user_17,2025-09-10,1044,107,0,1
user_17,2025-09-09,3905,79,0,1
user_17,2025-09-08,2813,120,0,1
user_17,2025-09-07,274,71,0,1
user_17,2025-09-06,3406,70,0,1
user_17,2025-09-05,381,115,0,1
user_17,2025-09-04,395,155,0,1
user_17,2025-09-03,3026,107,0,1
user_17,2025-09-02,3325,76,0,1
user_17,2025-09-01,2278,67,0,1
user_18,2025-09-30,9201,131,0,0
user_18,2025-09-29,2002,112,0,0
user_18,2025-09-28,10900,156,0,0
user_18,2025-09-27,11813,66,1,0
user_18,2025-09-26,9837,99,0,0
user_18,2025-09-25,9468,124,0,0
user_18,2025-09-24,10759,121,0,0
user_18,2025-09-23,1773,104,1,0
user_18,2025-09-22,6022,74,1,0
user_18,2025-09-21,9406,88,1,0
user_18,2025-09-20,9190,158,1,0
user_18,2025-09-19,10052,146,0,0
user_18,2025-09-18,430,137,1,0
user_18,2025-09-17,11361,94,0,0
user_18,2025-09-16,4477,149,1,0
user_18,2025-09-15,5567,104,0,0
user_18,2025-09-14,2347,132,0,0
user_18,2025-09-13,1140,78,1,0
user_18,2025-09-12,502,71,1,0
user_18,2025-09-11,3524,108,0,0
user_18,2025-09-10,5585,80,0,0
user_18,2025-09-09,11822,101,1,0
user_18,2025-09-08,9299,136,0,0
user_18,2025-09-07,861,79,0,0
user_18,2025-09-06,10122,66,0,0
user_18,2025-09-05,4458,116,0,0
user_18,2025-09-04,7957,137,0,0
user_18,2025-09-03,4475,87,1,0
user_18,2025-09-02,1864,104,0,0
user_18,2025-09-01,4640,146,0,0
user_19,2025-09-30,10930,99,0,0
user_19,2025-09-29,6475,136,0,0
user_19,2025-09-28,3349,98,1,0
user_19,2025-09-27,2248,157,0,0
user_19,2025-09-26,5375,75,0,0
user_19,2025-09-25,7055,82,0,0
user_19,2025-09-24,8725,150,0,0
user_19,2025-09-23,9154,145,1,0
user_19,2025-09-22,1180,110,1,0
user_19,2025-09-21,693,115,0,0
user_19,2025-09-20,1275,100,0,0
user_19,2025-09-19,9394,111,1,0
user_19,2025-09-18,6843,97,0,0
user_19,2025-09-17,341,101,0,0
user_19,2025-09-16,10127,118,1,0
user_19,2025-09-15,5928,71,0,0
user_19,2025-09-14,1734,91,0,0
user_19,2025-09-13,6560,127,0,0
user_19,2025-09-12,5083,155,0,0
user_19,2025-09-11,5456,159,0,0
user_19,2025-09-10,8363,141,0,0
user_19,2025-09-09,8355,84,1,0
user_19,2025-09-08,5724,104,1,0
user_19,2025-09-07,10574,78,0,0
user_19,2025-09-06,2399,92,0,0
user_19,2025-09-05,9869,79,1,0
user_19,2025-09-04,10739,69,0,0
user_19,2025-09-03,10288,123,0,0
user_19,2025-09-02,9236,157,0,0
user_19,2025-09-01,11159,132,0,0
user_20,2025-09-30,5295,140,0,0
user_20,2025-09-29,7205,68,0,0
user_20,2025-09-28,10344,98,1,0
user_20,2025-09-27,9689,67,0,0
user_20,2025-09-26,1215,99,0,0
user_20,2025-09-25,616,67,0,0
user_20,2025-09-24,4703,69,0,0
user_20,2025-09-23,1479,138,0,0
user_20,2025-09-22,6299,119,0,0
user_20,2025-09-21,672,117,1,0
user_20,2025-09-20,9366,143,0,0
user_20,2025-09-19,9912,120,0,0
user_20,2025-09-18,1013,117,0,0
user_20,2025-09-17,5626,151,0,0
user_20,2025-09-16,10586,82,0,0
user_20,2025-09-15,11593,116,1,0
user_20,2025-09-14,8586,126,0,0
user_20,2025-09-13,5962,107,1,0
user_20,2025-09-12,6347,112,1,0
user_20,2025-09-11,11123,136,0,0
user_20,2025-09-10,10336,142,0,0
user_20,2025-09-09,5401,72,0,0
user_20,2025-09-08,6333,96,0,0
user_20,2025-09-07,10757,137,1,0
user_20,2025-09-06,5461,70,0,0
user_20,2025-09-05,2317,104,0,0
user_20,2025-09-04,10748,149,0,0
user_20,2025-09-03,2112,136,1,0
user_20,2025-09-02,1388,99,0,0
user_20,2025-09-01,10542,102,1,0
user_21,2025-09-30,11229,127,0,0
user_21,2025-09-29,10984,114,0,0
user_21,2025-09-28,298,106,0,0
user_21,2025-09-27,3509,103,1,0
user_21,2025-09-26,7967,84,0,0
user_21,2025-09-25,2253,79,0,0
user_21,2025-09-24,1657,124,1,0
user_21,2025-09-23,8626,64,0,0
user_21,2025-09-22,10125,76,0,0
user_21,2025-09-21,2527,80,0,0
user_21,2025-09-20,11351,158,0,0
user_21,2025-09-19,2712,152,0,0
user_21,2025-09-18,6731,106,0,0
user_21,2025-09-17,3891,116,0,0
user_21,2025-09-16,7355,89,0,0
user_21,2025-09-15,5070,160,0,0
user_21,2025-09-14,3178,107,0,0
user_21,2025-09-13,9345,116,0,0
user_21,2025-09-12,4616,159,0,0
user_21,2025-09-11,8641,113,1,0
user_21,2025-09-10,3271,137,0,0
user_21,2025-09-09,4096,66,0,0
user_21,2025-09-08,6081,130,1,0
user_21,2025-09-07,11655,126,1,0
user_21,2025-09-06,4670,70,1,0
user_21,2025-09-05,4469,117,1,0
user_21,2025-09-04,2414,115,0,0
user_21,2025-09-03,3637,117,1,0
user_21,2025-09-02,436,113,0,0
user_21,2025-09-01,8224,107,0,0
user_22,2025-09-30,6142,88,0,0
user_22,2025-09-29,1623,151,0,0
user_22,2025-09-28,2392,77,0,0
user_22,2025-09-27,7740,149,1,0
user_22,2025-09-26,11559,120,0,0
user_22,2025-09-25,86,70,0,0
user_22,2025-09-24,3533,79,0,0
user_22,2025-09-23,11915,137,0,0
user_22,2025-09-22,1821,159,0,0
user_22,2025-09-21,4934,75,0,0
user_22,2025-09-20,6878,141,1,0
user_22,2025-09-19,7489,68,0,0
user_22,2025-09-18,8189,136,0,0
user_22,2025-09-17,10353,125,0,0
user_22,2025-09-16,11772,78,0,0
user_22,2025-09-15,25,138,0,0
user_22,2025-09-14,9349,113,0,0
user_22,2025-09-13,10948,70,0,0
user_22,2025-09-12,5908,68,1,0
user_22,2025-09-11,8914,124,1,0
user_22,2025-09-10,8316,130,0,0
user_22,2025-09-09,7702,65,0,0
user_22,2025-09-08,6116,92,1,0
user_22,2025-09-07,5850,160,0,0
user_22,2025-09-06,3950,153,0,0
user_22,2025-09-05,1698,158,0,0
user_22,2025-09-04,5447,77,0,0
user_22,2025-09-03,8945,103,1,0
user_22,2025-09-02,2868,159,0,0
user_22,2025-09-01,11393,121,0,0
user_23,2025-09-30,1033,151,1,0
user_23,2025-09-29,7498,64,0,0
user_23,2025-09-28,717,85,1,0
user_23,2025-09-27,5170,99,0,0
user_23,2025-09-26,8897,120,0,0
user_23,2025-09-25,10598,84,0,0
user_23,2025-09-24,783,143,0,0
user_23,2025-09-23,2039,107,0,0
user_23,2025-09-22,6553,155,0,0
user_23,2025-09-21,6334,103,1,0
user_23,2025-09-20,8129,148,0,0
user_23,2025-09-19,8507,94,1,0
user_23,2025-09-18,11912,114,0,0
user_23,2025-09-17,9870,83,0,0
user_23,2025-09-16,5262,73,0,0
user_23,2025-09-15,10828,97,0,0
user_23,2025-09-14,9873,151,0,0
user_23,2025-09-13,11301,116,0,0
user_23,2025-09-12,693,153,1,0
user_23,2025-09-11,5776,138,1,0
user_23,2025-09-10,4498,141,1,0
user_23,2025-09-09,939,69,0,0
user_23,2025-09-08,6655,106,0,0
user_23,2025-09-07,11131,80,1,0
user_23,2025-09-06,2339,137,0,0
user_23,2025-09-05,7179,64,0,0
user_23,2025-09-04,3866,159,0,0
user_23,2025-09-03,5933,109,1,0
user_23,2025-09-02,530,137,0,0
user_23,2025-09-01,7371,107,0,0
user_24,2025-09-30,9403,77,0,0
user_24,2025-09-29,6521,100,0,0
user_24,2025-09-28,4089,74,0,0
user_24,2025-09-27,3048,123,0,0
user_24,2025-09-26,9202,75,0,0
user_24,2025-09-25,4264,150,0,0
user_24,2025-09-24,10024,96,0,0
user_24,2025-09-23,8047,85,0,0
user_24,2025-09-22,1213,117,0,0
user_24,2025-09-21,11687,116,1,0
user_24,2025-09-20,11172,100,0,0
user_24,2025-09-19,11625,68,0,0
user_24,2025-09-18,4757,98,1,0
user_24,2025-09-17,11662,150,1,0
user_24,2025-09-16,10448,82,1,0
user_24,2025-09-15,8335,88,0,0
user_24,2025-09-14,3292,77,0,0
user_24,2025-09-13,8094,63,0,0
user_24,2025-09-12,9376,107,0,0
user_24,2025-09-11,9038,76,0,0
user_24,2025-09-10,1412,68,0,0
user_24,2025-09-09,11746,152,0,0
user_24,2025-09-08,6730,158,0,0
user_24,2025-09-07,9419,69,0,0
user_24,2025-09-06,5194,142,0,0
user_24,2025-09-05,7632,147,0,0
user_24,2025-09-04,2102,159,0,0
user_24,2025-09-03,9630,83,1,0
user_24,2025-09-02,2114,115,0,0
user_24,2025-09-01,907,75,0,0
user_25,2025-09-30,2653,101,1,0
user_25,2025-09-29,3694,104,1,0
user_25,2025-09-28,8501,96,1,0
user_25,2025-09-27,4105,85,0,0
user_25,2025-09-26,9024,95,0,0
user_25,2025-09-25,4961,138,0,0
user_25,2025-09-24,8234,142,0,0
user_25,2025-09-23,9513,79,0,0
user_25,2025-09-22,10231,152,1,0
user_25,2025-09-21,5531,132,0,0
user_25,2025-09-20,464,70,0,0
user_25,2025-09-19,10509,158,0,0
user_25,2025-09-18,10668,86,1,0
user_25,2025-09-17,6825,139,0,0
user_25,2025-09-16,8159,140,0,0
user_25,2025-09-15,10517,98,0,0
user_25,2025-09-14,11222,111,0,0
user_25,2025-09-13,1195,148,0,0
user_25,2025-09-12,7202,113,0,0
user_25,2025-09-11,3342,103,0,0
user_25,2025-09-10,5121,151,0,0
user_25,2025-09-09,5658,111,0,0
user_25,2025-09-08,6070,125,0,0
user_25,2025-09-07,5228,90,0,0
user_25,2025-09-06,4382,117,0,0
user_25,2025-09-05,1586,66,0,0
user_25,2025-09-04,6293,138,0,0
user_25,2025-09-03,2616,101,1,0
user_25,2025-09-02,11814,100,0,0
user_25,2025-09-01,2610,123,1,0
user_26,2025-09-30,5055,123,0,0
user_26,2025-09-29,6442,124,0,0
user_26,2025-09-28,3944,87,0,0
user_26,2025-09-27,797,66,0,0
user_26,2025-09-26,9789,143,0,0
user_26,2025-09-25,4681,128,0,0
user_26,2025-09-24,1761,115,0,0
user_26,2025-09-23,4333,153,0,0
user_26,2025-09-22,6606,106,0,0
user_26,2025-09-21,838,132,0,0
user_26,2025-09-20,5939,130,0,0
user_26,2025-09-19,6329,124,0,0
user_26,2025-09-18,9008,95,1,0
user_26,2025-09-17,10211,147,0,0
user_26,2025-09-16,2108,72,0,0
user_26,2025-09-15,5555,131,1,0
user_26,2025-09-14,2363,85,0,0
user_26,2025-09-13,6576,124,0,0
user_26,2025-09-12,637,77,1,0
user_26,2025-09-11,7761,126,0,0
user_26,2025-09-10,9932,125,0,0
user_26,2025-09-09,10044,100,0,0
user_26,2025-09-08,10100,154,1,0
user_26,2025-09-07,9727,103,0,0
user_26,2025-09-06,8351,128,0,0
user_26,2025-09-05,9222,98,0,0
user_26,2025-09-04,272,107,0,0
user_26,2025-09-03,1795,113,0,0
user_26,2025-09-02,11883,148,0,0
user_26,2025-09-01,9779,120,0,0
user_27,2025-09-30,9477,133,0,0
user_27,2025-09-29,841,134,0,0
user_27,2025-09-28,8589,140,1,0
user_27,2025-09-27,6229,78,1,0
user_27,2025-09-26,3968,64,0,0
user_27,2025-09-25,11477,74,0,0
user_27,2025-09-24,7225,100,0,0
user_27,2025-09-23,6765,148,0,0
user_27,2025-09-22,8221,159,0,0
user_27,2025-09-21,7726,154,1,0
user_27,2025-09-20,11563,77,0,0
user_27,2025-09-19,9189,101,1,0
user_27,2025-09-18,7837,127,0,0
user_27,2025-09-17,2837,118,1,0
user_27,2025-09-16,5608,129,0,0
user_27,2025-09-15,11811,147,0,0
user_27,2025-09-14,11359,93,0,0
user_27,2025-09-13,3150,91,0,0
user_27,2025-09-12,4890,88,1,0
user_27,2025-09-11,4876,158,0,0
user_27,2025-09-10,3396,148,1,0
user_27,2025-09-09,5194,121,0,0
user_27,2025-09-08,11823,95,0,0
user_27,2025-09-07,9395,146,0,0
user_27,2025-09-06,6464,104,1,0
user_27,2025-09-05,2399,97,0,0
user_27,2025-09-04,11700,70,0,0
user_27,2025-09-03,7247,143,0,0
user_27,2025-09-02,7849,87,0,0
user_27,2025-09-01,8824,94,1,0
user_28,2025-09-30,2249,73,0,0
user_28,2025-09-29,9614,90,0,0
user_28,2025-09-28,10974,127,0,0
user_28,2025-09-27,3814,66,0,0
user_28,2025-09-26,5411,151,0,0
user_28,2025-09-25,11160,158,0,0
user_28,2025-09-24,9016,80,0,0
user_28,2025-09-23,7793,121,0,0
user_28,2025-09-22,4706,101,0,0
user_28,2025-09-21,969,158,0,0
user_28,2025-09-20,9406,89,0,0
user_28,2025-09-19,11847,64,1,0
user_28,2025-09-18,2868,113,1,0
user_28,2025-09-17,2880,64,1,0
user_28,2025-09-16,6504,160,0,0
user_28,2025-09-15,4742,64,0,0
user_28,2025-09-14,9305,137,0,0
user_28,2025-09-13,5489,96,0,0
user_28,2025-09-12,10507,129,0,0
user_28,2025-09-11,2198,124,0,0
user_28,2025-09-10,3159,74,0,0
user_28,2025-09-09,11978,118,0,0
user_28,2025-09-08,11773,83,0,0
user_28,2025-09-07,5523,97,0,0
user_28,2025-09-06,3164,82,0,0
user_28,2025-09-05,10464,111,1,0
user_28,2025-09-04,8442,101,0,0
user_28,2025-09-03,10965,72,0,0
user_28,2025-09-02,2303,121,0,0
user_28,2025-09-01,4064,60,0,0
user_29,2025-09-30,4374,102,0,0
user_29,2025-09-29,11843,133,0,0
user_29,2025-09-28,10709,106,0,0
user_29,2025-09-27,1017,145,0,0
user_29,2025-09-26,5026,80,0,0
user_29,2025-09-25,8233,150,1,0
user_29,2025-09-24,11309,75,0,0
user_29,2025-09-23,4833,107,0,0
user_29,2025-09-22,3590,77,0,0
user_29,2025-09-21,7454,155,1,0
user_29,2025-09-20,6121,113,1,0
user_29,2025-09-19,7714,156,0,0
user_29,2025-09-18,10880,87,1,0
user_29,2025-09-17,11146,156,0,0
user_29,2025-09-16,1341,127,0,0
user_29,2025-09-15,11530,106,0,0
user_29,2025-09-14,9243,74,0,0
user_29,2025-09-13,8972,124,0,0
user_29,2025-09-12,8792,79,0,0
user_29,2025-09-11,8525,116,0,0
user_29,2025-09-10,3365,151,0,0
user_29,2025-09-09,1489,125,0,0
user_29,2025-09-08,911,118,0,0
user_29,2025-09-07,6806,118,0,0
user_29,2025-09-06,9155,119,0,0
user_29,2025-09-05,5049,152,0,0
user_29,2025-09-04,4169,60,1,0
user_29,2025-09-03,9475,69,0,0
user_29,2025-09-02,5644,149,0,0
user_29,2025-09-01,987,68,1,0
user_30,2025-09-30,4703,112,0,0
user_30,2025-09-29,2218,158,0,0
user_30,2025-09-28,11948,142,1,0
user_30,2025-09-27,6135,108,0,0
user_30,2025-09-26,6184,108,0,0
user_30,2025-09-25,10842,129,0,0
user_30,2025-09-24,5697,75,0,0
user_30,2025-09-23,8802,110,0,0
user_30,2025-09-22,11925,88,1,0
user_30,2025-09-21,372,98,0,0
user_30,2025-09-20,11781,129,0,0
user_30,2025-09-19,6214,89,0,0
user_30,2025-09-18,5671,79,0,0
user_30,2025-09-17,11878,157,0,0
user_30,2025-09-16,10816,113,0,0
user_30,2025-09-15,256,90,0,0
user_30,2025-09-14,1653,136,0,0
user_30,2025-09-13,9794,146,1,0
user_30,2025-09-12,797,91,1,0
user_30,2025-09-11,6590,116,0,0
user_30,2025-09-10,3559,156,1,0
user_30,2025-09-09,924,77,0,0
user_30,2025-09-08,4739,89,1,0
user_30,2025-09-07,11985,133,0,0
user_30,2025-09-06,9796,158,0,0
user_30,2025-09-05,5253,90,0,0
user_30,2025-09-04,2347,144,0,0
user_30,2025-09-03,6775,98,0,0
user_30,2025-09-02,9121,135,1,0
user_30,2025-09-01,2869,140,0,0
user_31,2025-09-30,768,104,1,0
user_31,2025-09-29,10999,108,1,0
user_31,2025-09-28,5222,149,0,0
user_31,2025-09-27,2444,98,0,0
user_31,2025-09-26,8813,120,0,0
user_31,2025-09-25,3692,98,1,0
user_31,2025-09-24,2365,119,1,0
user_31,2025-09-23,9214,112,1,0
user_31,2025-09-22,9130,127,0,0
user_31,2025-09-21,3978,92,0,0
user_31,2025-09-20,10595,70,1,0
user_31,2025-09-19,6079,71,0,0
user_31,2025-09-18,3120,66,0,0
user_31,2025-09-17,11037,137,0,0
user_31,2025-09-16,1192,84,1,0
user_31,2025-09-15,9626,152,0,0
user_31,2025-09-14,3555,121,0,0
user_31,2025-09-13,5455,98,1,0
user_31,2025-09-12,251,87,1,0
user_31,2025-09-11,1922,155,1,0
user_31,2025-09-10,7846,91,0,0
user_31,2025-09-09,11530,86,0,0
user_31,2025-09-08,3921,130,0,0
user_31,2025-09-07,4637,108,0,0
user_31,2025-09-06,10628,105,0,0
user_31,2025-09-05,5892,125,1,0
user_31,2025-09-04,7635,72,1,0
user_31,2025-09-03,11836,120,1,0
user_31,2025-09-02,5246,86,0,0
user_31,2025-09-01,6781,65,0,0
user_32,2025-09-30,2390,62,0,0
user_32,2025-09-29,9568,134,1,0
user_32,2025-09-28,4836,79,0,0
user_32,2025-09-27,3768,108,0,0
user_32,2025-09-26,4026,123,0,0
user_32,2025-09-25,11220,103,0,0
user_32,2025-09-24,8005,152,0,0
user_32,2025-09-23,8037,118,0,0
user_32,2025-09-22,5770,81,0,0
user_32,2025-09-21,8954,122,0,0
user_32,2025-09-20,8882,142,1,0
user_32,2025-09-19,8584,64,1,0
user_32,2025-09-18,1217,145,0,0
user_32,2025-09-17,104,112,0,0
user_32,2025-09-16,10333,89,0,0
user_32,2025-09-15,2474,61,0,0
user_32,2025-09-14,7471,107,0,0
user_32,2025-09-13,10448,145,1,0
user_32,2025-09-12,7916,144,0,0
user_32,2025-09-11,108,128,0,0
user_32,2025-09-10,194,62,0,0
user_32,2025-09-09,4501,128,1,0
user_32,2025-09-08,280,124,1,0
user_32,2025-09-07,11043,115,1,0
user_32,2025-09-06,2937,73,1,0
user_32,2025-09-05,8591,79,0,0
user_32,2025-09-04,10154,127,0,0
user_32,2025-09-03,5807,94,1,0
user_32,2025-09-02,1294,107,1,0
user_32,2025-09-01,7520,132,0,0
user_33,2025-09-30,4914,147,1,0
user_33,2025-09-29,1320,143,1,0
user_33,2025-09-28,10647,157,0,0
user_33,2025-09-27,6640,108,0,0
user_33,2025-09-26,7798,67,0,0
user_33,2025-09-25,11515,81,0,0
user_33,2025-09-24,7109,142,1,0
user_33,2025-09-23,9270,72,1,0
user_33,2025-09-22,697,89,0,0
user_33,2025-09-21,11342,132,0,0
user_33,2025-09-20,762,69,0,0
user_33,2025-09-19,4593,129,0,0
user_33,2025-09-18,539,82,1,0
user_33,2025-09-17,5152,62,1,0
user_33,2025-09-16,9617,78,1,0
user_33,2025-09-15,11677,110,1,0
user_33,2025-09-14,4903,80,0,0
user_33,2025-09-13,9284,109,0,0
user_33,2025-09-12,8856,102,0,0
user_33,2025-09-11,2292,148,1,0
user_33,2025-09-10,8204,155,1,0
user_33,2025-09-09,879,72,0,0
user_33,2025-09-08,1245,103,0,0
user_33,2025-09-07,10057,136,0,0
user_33,2025-09-06,5347,63,0,0
user_33,2025-09-05,7381,122,0,0
user_33,2025-09-04,9060,108,0,0
user_33,2025-09-03,11136,134,0,0
user_33,2025-09-02,1404,158,0,0
user_33,2025-09-01,4037,151,0,0
user_34,2025-09-30,6225,151,1,0
user_34,2025-09-29,2527,154,0,0
user_34,2025-09-28,5909,73,0,0
user_34,2025-09-27,5050,116,0,0
user_34,2025-09-26,4419,73,0,0
user_34,2025-09-25,3070,115,0,0
user_34,2025-09-24,9088,125,0,0
user_34,2025-09-23,430,71,0,0
user_34,2025-09-22,1524,136,0,0
user_34,2025-09-21,5315,109,0,0
user_34,2025-09-20,6779,109,1,0
user_34,2025-09-19,11875,131,1,0
user_34,2025-09-18,3977,133,0,0
user_34,2025-09-17,11228,108,0,0
user_34,2025-09-16,4405,98,0,0
user_34,2025-09-15,2390,68,0,0
user_34,2025-09-14,4521,113,0,0
user_34,2025-09-13,1260,106,0,0
user_34,2025-09-12,4040,152,0,0
user_34,2025-09-11,9728,138,0,0
user_34,2025-09-10,1752,77,0,0
user_34,2025-09-09,6483,102,1,0
user_34,2025-09-08,6224,102,0,0
user_34,2025-09-07,7055,143,1,0
user_34,2025-09-06,2230,98,0,0
user_34,2025-09-05,11391,85,0,0
user_34,2025-09-04,2910,110,1,0
user_34,2025-09-03,4775,154,0,0
user_34,2025-09-02,8044,133,1,0
user_34,2025-09-01,5339,108,0,0
user_35,2025-09-30,5980,74,1,0
user_35,2025-09-29,3273,135,1,0
user_35,2025-09-28,2947,147,1,0
user_35,2025-09-27,440,153,0,0
user_35,2025-09-26,11605,86,0,0
user_35,2025-09-25,4773,148,0,0
user_35,2025-09-24,6703,146,0,0
user_35,2025-09-23,10376,98,0,0
user_35,2025-09-22,10791,79,1,0
user_35,2025-09-21,6176,69,0,0
user_35,2025-09-20,9796,121,0,0
user_35,2025-09-19,8755,124,1,0
user_35,2025-09-18,11332,113,0,0
user_35,2025-09-17,5890,149,1,0
user_35,2025-09-16,8796,136,0,0
user_35,2025-09-15,1392,73,1,0
user_35,2025-09-14,10774,145,0,0
user_35,2025-09-13,10600,138,0,0
user_35,2025-09-12,10568,146,0,0
user_35,2025-09-11,5432,115,0,0
user_35,2025-09-10,1615,93,0,0
user_35,2025-09-09,8499,131,0,0
user_35,2025-09-08,9424,88,0,0
user_35,2025-09-07,6408,119,1,0
user_35,2025-09-06,9643,148,0,0
user_35,2025-09-05,5651,63,0,0
user_35,2025-09-04,4840,113,1,0
user_35,2025-09-03,1406,74,1,0
user_35,2025-09-02,11962,78,0,0
user_35,2025-09-01,5620,118,1,0
user_36,2025-09-30,5706,120,0,0
user_36,2025-09-29,11829,149,0,0
user_36,2025-09-28,1100,98,0,0
user_36,2025-09-27,11645,74,0,0
user_36,2025-09-26,5620,142,0,0
user_36,2025-09-25,2692,154,0,0
user_36,2025-09-24,2858,130,0,0
user_36,2025-09-23,9172,114,1,0
user_36,2025-09-22,3798,111,0,0
user_36,2025-09-21,3053,141,0,0
user_36,2025-09-20,6481,63,1,0
user_36,2025-09-19,3232,117,0,0
user_36,2025-09-18,6370,60,1,0
user_36,2025-09-17,3371,95,1,0
user_36,2025-09-16,1025,133,0,0
user_36,2025-09-15,8796,83,0,0
user_36,2025-09-14,3228,118,0,0
user_36,2025-09-13,10988,122,0,0
user_36,2025-09-12,10471,100,0,0
user_36,2025-09-11,10015,110,0,0
user_36,2025-09-10,5700,105,1,0
user_36,2025-09-09,10114,82,1,0
user_36,2025-09-08,11566,98,1,0
user_36,2025-09-07,9669,70,0,0
user_36,2025-09-06,5131,75,0,0
user_36,2025-09-05,1916,83,0,0
user_36,2025-09-04,2316,125,0,0
user_36,2025-09-03,9771,77,0,0
user_36,2025-09-02,6931,83,0,0
user_36,2025-09-01,8804,148,1,0
user_37,2025-09-30,2838,131,0,0
user_37,2025-09-29,4732,77,0,0
user_37,2025-09-28,7389,139,0,0
user_37,2025-09-27,5882,61,0,0
user_37,2025-09-26,3196,109,1,0
user_37,2025-09-25,8281,143,0,0
user_37,2025-09-24,11218,122,0,0
user_37,2025-09-23,7272,122,0,0
user_37,2025-09-22,9263,63,1,0
user_37,2025-09-21,3613,97,0,0
user_37,2025-09-20,3683,128,0,0
user_37,2025-09-19,7492,132,1,0
user_37,2025-09-18,8115,130,0,0
user_37,2025-09-17,9383,74,0,0
user_37,2025-09-16,8898,106,0,0
user_37,2025-09-15,681,157,1,0
user_37,2025-09-14,8951,87,1,0
user_37,2025-09-13,1677,154,1,0
user_37,2025-09-12,4055,98,1,0
user_37,2025-09-11,528,117,0,0
user_37,2025-09-10,1425,116,1,0
user_37,2025-09-09,1923,159,1,0
user_37,2025-09-08,3438,154,0,0
user_37,2025-09-07,5744,150,0,0
user_37,2025-09-06,7015,81,0,0
user_37,2025-09-05,3385,86,1,0
user_37,2025-09-04,9340,104,0,0
user_37,2025-09-03,9778,128,0,0
user_37,2025-09-02,11535,97,0,0
user_37,2025-09-01,4380,125,1,0
user_38,2025-09-30,1560,77,1,0
user_38,2025-09-29,6743,67,1,0
user_38,2025-09-28,10746,76,1,0
user_38,2025-09-27,2174,91,0,0
user_38,2025-09-26,5277,91,1,0
user_38,2025-09-25,11079,110,0,0
user_38,2025-09-24,9460,140,0,0
user_38,2025-09-23,6786,108,0,0
user_38,2025-09-22,10381,158,0,0
user_38,2025-09-21,8447,155,0,0
user_38,2025-09-20,6046,118,1,0
user_38,2025-09-19,5362,134,0,0
user_38,2025-09-18,1526,153,1,0
user_38,2025-09-17,10401,145,0,0
user_38,2025-09-16,1037,128,0,0
user_38,2025-09-15,7039,87,0,0
user_38,2025-09-14,5289,96,0,0
user_38,2025-09-13,9468,76,0,0
user_38,2025-09-12,7951,160,0,0
user_38,2025-09-11,11182,157,0,0
user_38,2025-09-10,1631,140,1,0
user_38,2025-09-09,7529,62,0,0
user_38,2025-09-08,2588,116,0,0
user_38,2025-09-07,7009,85,1,0
user_38,2025-09-06,2161,143,0,0
user_38,2025-09-05,4489,71,0,0
user_38,2025-09-04,4102,70,0,0
user_38,2025-09-03,10631,81,0,0
user_38,2025-09-02,10249,99,1,0
user_38,2025-09-01,3836,114,0,0
user_39,2025-09-30,17,87,0,0
user_39,2025-09-29,2174,135,0,0
user_39,2025-09-28,11140,116,0,0
user_39,2025-09-27,11396,103,1,0
user_39,2025-09-26,6919,148,0,0
user_39,2025-09-25,1160,89,0,0
user_39,2025-09-24,11972,73,0,0
user_39,2025-09-23,6022,98,0,0
user_39,2025-09-22,2181,142,1,0
user_39,2025-09-21,2340,68,0,0
user_39,2025-09-20,138,138,0,0
user_39,2025-09-19,7210,104,1,0
user_39,2025-09-18,10290,155,0,0
user_39,2025-09-17,6745,138,0,0
user_39,2025-09-16,3559,71,1,0
user_39,2025-09-15,2293,156,0,0
user_39,2025-09-14,11960,109,0,0
user_39,2025-09-13,7035,100,1,0
user_39,2025-09-12,4059,95,0,0
user_39,2025-09-11,4065,130,0,0
user_39,2025-09-10,11815,137,0,0
user_39,2025-09-09,11312,63,1,0
user_39,2025-09-08,10787,98,0,0
user_39,2025-09-07,9943,125,0,0
user_39,2025-09-06,6418,97,0,0
user_39,2025-09-05,3921,123,0,0
user_39,2025-09-04,3949,123,0,0
user_39,2025-09-03,1163,127,1,0
user_39,2025-09-02,197,106,1,0
user_39,2025-09-01,2162,109,1,0
user_40,2025-09-30,5986,129,0,0
user_40,2025-09-29,7717,158,0,0
user_40,2025-09-28,9623,68,0,0
user_40,2025-09-27,3534,65,1,0
user_40,2025-09-26,6520,124,0,0
user_40,2025-09-25,11675,124,1,0
user_40,2025-09-24,6939,149,0,0
user_40,2025-09-23,10494,128,0,0
user_40,2025-09-22,2501,95,0,0
user_40,2025-09-21,1294,125,1,0
user_40,2025-09-20,2545,128,0,0
user_40,2025-09-19,9608,141,1,0
user_40,2025-09-18,10646,147,0,0
user_40,2025-09-17,5081,149,0,0
user_40,2025-09-16,3909,67,0,0
user_40,2025-09-15,7118,74,0,0
user_40,2025-09-14,9975,67,0,0
user_40,2025-09-13,10781,154,0,0
user_40,2025-09-12,207,150,0,0
user_40,2025-09-11,185,80,0,0
user_40,2025-09-10,5680,126,0,0
user_40,2025-09-09,11809,93,0,0
user_40,2025-09-08,2079,155,1,0
user_40,2025-09-07,4403,153,1,0
user_40,2025-09-06,480,102,1,0
user_40,2025-09-05,4456,127,0,0
user_40,2025-09-04,11670,133,0,0
user_40,2025-09-03,8128,118,0,0
user_40,2025-09-02,908,123,1,0
user_40,2025-09-01,2734,107,0,0
user_41,2025-09-30,9402,146,1,0
user_41,2025-09-29,3742,154,0,0
user_41,2025-09-28,721,61,0,0
user_41,2025-09-27,7729,106,0,0
user_41,2025-09-26,2458,82,1,0
user_41,2025-09-25,579,130,1,0
user_41,2025-09-24,11698,154,0,0
user_41,2025-09-23,3678,101,0,0
user_41,2025-09-22,11801,100,0,0
user_41,2025-09-21,1276,133,0,0
user_41,2025-09-20,8225,146,1,0
user_41,2025-09-19,2938,88,1,0
user_41,2025-09-18,752,111,0,0
user_41,2025-09-17,7620,96,1,0
user_41,2025-09-16,5090,101,0,0
user_41,2025-09-15,7483,61,0,0
user_41,2025-09-14,4777,132,1,0
user_41,2025-09-13,10202,91,0,0
user_41,2025-09-12,9694,123,1,0
user_41,2025-09-11,3201,153,1,0
user_41,2025-09-10,4016,79,0,0
user_41,2025-09-09,6718,63,0,0
user_41,2025-09-08,5675,141,1,0
user_41,2025-09-07,157,102,0,0
user_41,2025-09-06,10769,108,1,0
user_41,2025-09-05,11914,99,0,0
user_41,2025-09-04,8680,90,0,0
user_41,2025-09-03,981,78,1,0
user_41,2025-09-02,1524,65,1,0
user_41,2025-09-01,8515,112,1,0
user_42,2025-09-30,1391,134,0,0
user_42,2025-09-29,2187,141,1,0
user_42,2025-09-28,1226,135,0,0
user_42,2025-09-27,7126,144,1,0
user_42,2025-09-26,3879,97,0,0
user_42,2025-09-25,5161,110,1,0
user_42,2025-09-24,5345,100,0,0
user_42,2025-09-23,3827,69,1,0
user_42,2025-09-22,2230,159,1,0
user_42,2025-09-21,1785,79,0,0
user_42,2025-09-20,7365,119,0,0
user_42,2025-09-19,1978,128,0,0
user_42,2025-09-18,3401,117,0,0
user_42,2025-09-17,4341,75,0,0
user_42,2025-09-16,11240,98,1,0
user_42,2025-09-15,11417,137,0,0
user_42,2025-09-14,5370,78,0,0
user_42,2025-09-13,4066,105,0,0
user_42,2025-09-12,802,146,0,0
user_42,2025-09-11,2848,63,1,0
user_42,2025-09-10,7408,131,1,0
user_42,2025-09-09,4093,72,0,0
user_42,2025-09-08,2290,75,0,0
user_42,2025-09-07,3641,76,0,0
user_42,2025-09-06,6563,107,0,0
user_42,2025-09-05,10562,70,0,0
user_42,2025-09-04,4240,69,0,0
user_42,2025-09-03,1056,85,1,0
user_42,2025-09-02,7265,76,0,0
user_42,2025-09-01,5432,75,0,0
user_43,2025-09-30,2752,133,0,0
user_43,2025-09-29,11869,110,0,0
user_43,2025-09-28,6270,147,0,0
user_43,2025-09-27,5799,87,1,0
user_43,2025-09-26,4505,95,0,0
user_43,2025-09-25,2435,64,0,0
user_43,2025-09-24,10108,91,0,0
user_43,2025-09-23,8173,112,1,0
user_43,2025-09-22,7848,67,0,0
user_43,2025-09-21,6275,77,0,0
user_43,2025-09-20,10529,127,0,0
user_43,2025-09-19,8907,62,1,0
user_43,2025-09-18,11687,105,0,0
user_43,2025-09-17,7940,104,1,0
user_43,2025-09-16,8231,101,0,0
user_43,2025-09-15,2946,63,0,0
user_43,2025-09-14,3588,63,1,0
user_43,2025-09-13,4602,67,1,0
user_43,2025-09-12,7728,127,0,0
user_43,2025-09-11,9568,89,1,0
user_43,2025-09-10,1640,91,0,0
user_43,2025-09-09,4366,128,1,0
user_43,2025-09-08,916,157,1,0
user_43,2025-09-07,3594,133,1,0
user_43,2025-09-06,6363,105,1,0
user_43,2025-09-05,2846,82,0,0
user_43,2025-09-04,5210,154,0,0
user_43,2025-09-03,9692,63,1,0
user_43,2025-09-02,5761,132,0,0
user_43,2025-09-01,9225,84,1,0
user_44,2025-09-30,8064,129,0,0
user_44,2025-09-29,8035,64,0,0
user_44,2025-09-28,3811,137,0,0
user_44,2025-09-27,8625,121,0,0
user_44,2025-09-26,10061,85,1,0
user_44,2025-09-25,5582,151,0,0
user_44,2025-09-24,5301,67,0,0
user_44,2025-09-23,9611,150,1,0
user_44,2025-09-22,1817,127,1,0
user_44,2025-09-21,1188,107,1,0
user_44,2025-09-20,10848,110,0,0
user_44,2025-09-19,5514,98,0,0
user_44,2025-09-18,2580,153,1,0
user_44,2025-09-17,10473,122,0,0
user_44,2025-09-16,2854,150,1,0
user_44,2025-09-15,11363,138,1,0
user_44,2025-09-14,3657,145,0,0
user_44,2025-09-13,2872,108,0,0
user_44,2025-09-12,11280,97,0,0
user_44,2025-09-11,11941,60,1,0
user_44,2025-09-10,9385,110,1,0
user_44,2025-09-09,9297,64,0,0
user_44,2025-09-08,5213,138,0,0
user_44,2025-09-07,9265,73,1,0
user_44,2025-09-06,2304,102,1,0
user_44,2025-09-05,3899,104,1,0
user_44,2025-09-04,2750,141,1,0
user_44,2025-09-03,1453,150,0,0
user_44,2025-09-02,11948,102,0,0
user_44,2025-09-01,4345,86,0,0
user_45,2025-09-30,1051,160,0,1
user_45,2025-09-29,442,152,0,1
user_45,2025-09-28,5,66,0,1
user_45,2025-09-27,1580,116,0,1
user_45,2025-09-26,3000,113,0,1
user_45,2025-09-25,3969,81,0,1
user_45,2025-09-24,3623,112,0,1
user_45,2025-09-23,2019,108,0,1
user_45,2025-09-22,1438,129,0,1
user_45,2025-09-21,1537,72,0,1
user_45,2025-09-20,3394,121,0,1
user_45,2025-09-19,3230,133,0,1
user_45,2025-09-18,2666,157,0,1
user_45,2025-09-17,2814,88,0,1
user_45,2025-09-16,666,117,0,1
user_45,2025-09-15,301,64,0,1
user_45,2025-09-14,1207,62,0,1
user_45,2025-09-13,1305,93,0,1
user_45,2025-09-12,3898,73,0,1
user_45,2025-09-11,303,103,0,1
user_45,2025-09-10,696,108,0,1
user_45,2025-09-09,659,153,0,1
user_45,2025-09-08,307,130,0,1
user_45,2025-09-07,3857,71,0,1
user_45,2025-09-06,1384,136,0,1
user_45,2025-09-05,2513,121,0,1
user_45,2025-09-04,2885,63,0,1
user_45,2025-09-03,1766,143,0,1
user_45,2025-09-02,675,137,0,1
user_45,2025-09-01,3644,115,0,1
user_46,2025-09-30,414,102,0,1
user_46,2025-09-29,841,84,0,1
user_46,2025-09-28,1676,149,0,1
user_46,2025-09-27,2269,152,0,1
user_46,2025-09-26,3791,153,0,1
user_46,2025-09-25,2212,93,0,1
user_46,2025-09-24,2705,96,0,1
user_46,2025-09-23,1218,90,0,1
user_46,2025-09-22,392,66,0,1
user_46,2025-09-21,1609,133,0,1
user_46,2025-09-20,2251,122,0,1
user_46,2025-09-19,629,66,0,1
user_46,2025-09-18,1477,60,0,1
user_46,2025-09-17,1751,71,0,1
user_46,2025-09-16,1206,144,0,1
user_46,2025-09-15,2560,136,0,1
user_46,2025-09-14,1967,85,0,1
user_46,2025-09-13,397,63,0,1
user_46,2025-09-12,847,81,0,1
user_46,2025-09-11,2614,97,0,1
user_46,2025-09-10,335,120,0,1
user_46,2025-09-09,3456,74,0,1
user_46,2025-09-08,1263,160,0,1
user_46,2025-09-07,1628,120,0,1
user_46,2025-09-06,2003,144,0,1
user_46,2025-09-05,1085,71,0,1
user_46,2025-09-04,2629,129,0,1
user_46,2025-09-03,1587,83,0,1
user_46,2025-09-02,1519,108,0,1
user_46,2025-09-01,1513,83,0,1
user_47,2025-09-30,4313,116,0,0
user_47,2025-09-29,3706,94,0,0
user_47,2025-09-28,2476,156,0,0
user_47,2025-09-27,1584,70,0,0
user_47,2025-09-26,8871,112,1,0
user_47,2025-09-25,9662,89,0,0
user_47,2025-09-24,6342,126,0,0
user_47,2025-09-23,8773,147,1,0
user_47,2025-09-22,7779,133,1,0
user_47,2025-09-21,7803,98,0,0
user_47,2025-09-20,11703,64,0,0
user_47,2025-09-19,8467,133,0,0
user_47,2025-09-18,10162,78,0,0
user_47,2025-09-17,7357,82,1,0
user_47,2025-09-16,2738,87,1,0
user_47,2025-09-15,2067,65,0,0
user_47,2025-09-14,11192,115,0,0
user_47,2025-09-13,10276,78,1,0
user_47,2025-09-12,4225,100,1,0
user_47,2025-09-11,1097,71,0,0
user_47,2025-09-10,6510,130,0,0
user_47,2025-09-09,4525,126,0,0
user_47,2025-09-08,202,160,1,0
user_47,2025-09-07,9626,126,1,0
user_47,2025-09-06,1843,113,0,0
user_47,2025-09-05,9283,135,0,0
user_47,2025-09-04,1641,73,0,0
user_47,2025-09-03,1654,160,0,0
user_47,2025-09-02,8775,104,1,0
user_47,2025-09-01,4327,109,0,0
user_48,2025-09-30,7750,64,0,0
user_48,2025-09-29,6602,78,0,0
user_48,2025-09-28,11154,148,0,0
user_48,2025-09-27,6484,102,0,0
user_48,2025-09-26,807,155,0,0
user_48,2025-09-25,4400,107,0,0
user_48,2025-09-24,4965,99,0,0
user_48,2025-09-23,8054,149,0,0
user_48,2025-09-22,3734,77,0,0
user_48,2025-09-21,7259,159,1,0
user_48,2025-09-20,4414,153,0,0
user_48,2025-09-19,10576,71,0,0
user_48,2025-09-18,3463,112,1,0
user_48,2025-09-17,8462,107,1,0
user_48,2025-09-16,8442,80,0,0
user_48,2025-09-15,11625,124,0,0
user_48,2025-09-14,8589,132,0,0
user_48,2025-09-13,3158,85,1,0
user_48,2025-09-12,4087,64,0,0
user_48,2025-09-11,5904,150,0,0
user_48,2025-09-10,6035,119,0,0
user_48,2025-09-09,10410,75,0,0
user_48,2025-09-08,3963,107,0,0
user_48,2025-09-07,7308,82,1,0
user_48,2025-09-06,7775,135,0,0
user_48,2025-09-05,5640,80,1,0
user_48,2025-09-04,4237,155,1,0
user_48,2025-09-03,1480,96,0,0
user_48,2025-09-02,813,80,1,0
user_48,2025-09-01,3511,88,0,0
user_49,2025-09-30,4408,143,0,0
user_49,2025-09-29,328,159,1,0
user_49,2025-09-28,11177,61,0,0
user_49,2025-09-27,2167,142,0,0
user_49,2025-09-26,138,88,0,0
user_49,2025-09-25,5004,151,1,0
user_49,2025-09-24,10530,95,0,0
user_49,2025-09-23,6168,104,0,0
user_49,2025-09-22,3575,119,0,0
user_49,2025-09-21,8530,139,0,0
user_49,2025-09-20,1676,60,0,0
user_49,2025-09-19,10852,107,0,0
user_49,2025-09-18,9728,137,0,0
user_49,2025-09-17,11213,73,0,0
user_49,2025-09-16,5509,95,0,0
user_49,2025-09-15,4536,93,0,0
user_49,2025-09-14,10673,98,0,0
user_49,2025-09-13,8475,157,0,0
user_49,2025-09-12,930,136,0,0
user_49,2025-09-11,5236,147,0,0
user_49,2025-09-10,417,143,0,0
user_49,2025-09-09,4843,93,1,0
user_49,2025-09-08,6628,109,1,0
user_49,2025-09-07,9552,150,1,0
user_49,2025-09-06,3111,103,1,0
user_49,2025-09-05,3643,147,0,0
user_49,2025-09-04,7794,145,0,0
user_49,2025-09-03,4918,81,1,0
user_49,2025-09-02,9146,83,0,0
user_49,2025-09-01,7713,76,1,0
user_50,2025-09-30,9159,157,1,0
user_50,2025-09-29,11136,102,0,0
user_50,2025-09-28,3641,105,0,0
user_50,2025-09-27,5031,113,1,0
user_50,2025-09-26,5428,107,0,0
user_50,2025-09-25,4817,119,1,0
user_50,2025-09-24,7709,66,1,0
user_50,2025-09-23,9561,134,1,0
user_50,2025-09-22,1166,120,1,0
user_50,2025-09-21,8199,75,1,0
user_50,2025-09-20,6253,127,0,0
user_50,2025-09-19,885,79,0,0
user_50,2025-09-18,3281,103,0,0
user_50,2025-09-17,9329,118,0,0
user_50,2025-09-16,11725,83,1,0
user_50,2025-09-15,7988,102,0,0
user_50,2025-09-14,2897,100,0,0
user_50,2025-09-13,77,117,0,0
user_50,2025-09-12,2762,133,1,0
user_50,2025-09-11,8021,160,1,0
user_50,2025-09-10,1442,76,0,0
user_50,2025-09-09,10379,114,0,0
user_50,2025-09-08,7821,109,0,0
user_50,2025-09-07,8745,85,1,0
user_50,2025-09-06,230,101,1,0
user_50,2025-09-05,8700,84,0,0
user_50,2025-09-04,67,140,1,0
user_50,2025-09-03,3707,148,1,0
user_50,2025-09-02,5113,76,0,0
user_50,2025-09-01,8246,135,0,0
user_51,2025-09-30,187,98,0,1
user_51,2025-09-29,3884,97,0,1
user_51,2025-09-28,1867,153,0,1
user_51,2025-09-27,2131,136,0,1
user_51,2025-09-26,2146,103,0,1
user_51,2025-09-25,1776,147,0,1
user_51,2025-09-24,548,103,0,1
user_51,2025-09-23,3692,122,0,1
user_51,2025-09-22,1471,156,0,1
user_51,2025-09-21,771,81,0,1
user_51,2025-09-20,3883,111,0,1
user_51,2025-09-19,78,89,0,1
user_51,2025-09-18,918,153,0,1
user_51,2025-09-17,537,87,0,1
user_51,2025-09-16,3006,62,0,1
user_51,2025-09-15,2415,124,0,1
user_51,2025-09-14,692,75,0,1
user_51,2025-09-13,1501,151,0,1
user_51,2025-09-12,2664,64,0,1
user_51,2025-09-11,1536,141,0,1
user_51,2025-09-10,1047,158,0,1
user_51,2025-09-09,2190,139,0,1
user_51,2025-09-08,199,136,0,1
user_51,2025-09-07,196,144,0,1
user_51,2025-09-06,442,143,0,1
user_51,2025-09-05,3424,62,0,1
user_51,2025-09-04,197,148,0,1
user_51,2025-09-03,474,113,0,1
user_51,2025-09-02,1819,108,0,1
user_51,2025-09-01,506,130,0,1
user_52,2025-09-30,11499,79,0,0
user_52,2025-09-29,11235,140,0,0
user_52,2025-09-28,6895,144,0,0
user_52,2025-09-27,8524,94,0,0
user_52,2025-09-26,11480,77,0,0
user_52,2025-09-25,1718,125,1,0
user_52,2025-09-24,1928,96,0,0
user_52,2025-09-23,1741,123,0,0
user_52,2025-09-22,3272,159,0,0
user_52,2025-09-21,8571,85,0,0
user_52,2025-09-20,6713,97,0,0
user_52,2025-09-19,8980,123,1,0
user_52,2025-09-18,11275,121,0,0
user_52,2025-09-17,44,61,0,0
user_52,2025-09-16,1809,133,0,0
user_52,2025-09-15,2443,71,1,0
user_52,2025-09-14,1229,152,1,0
user_52,2025-09-13,4192,142,0,0
user_52,2025-09-12,4850,93,0,0
user_52,2025-09-11,1635,82,1,0
user_52,2025-09-10,4760,106,1,0
user_52,2025-09-09,5123,114,1,0
user_52,2025-09-08,1556,157,1,0
user_52,2025-09-07,158,77,0,0
user_52,2025-09-06,2793,102,0,0
user_52,2025-09-05,7171,139,0,0
user_52,2025-09-04,1522,107,1,0
user_52,2025-09-03,2996,74,0,0
user_52,2025-09-02,7479,94,1,0
user_52,2025-09-01,11303,121,1,0
user_53,2025-09-30,2732,74,0,0
user_53,2025-09-29,11901,67,1,0
user_53,2025-09-28,2611,73,0,0
user_53,2025-09-27,9678,121,1,0
user_53,2025-09-26,11114,116,0,0
user_53,2025-09-25,6221,159,0,0
user_53,2025-09-24,472,147,1,0
user_53,2025-09-23,11915,76,0,0
user_53,2025-09-22,7997,74,1,0
user_53,2025-09-21,7220,65,0,0
user_53,2025-09-20,10731,100,0,0
user_53,2025-09-19,11107,127,1,0
user_53,2025-09-18,9447,152,0,0
user_53,2025-09-17,10974,103,0,0
user_53,2025-09-16,11276,149,0,0
user_53,2025-09-15,7091,144,1,0
user_53,2025-09-14,7895,104,0,0
user_53,2025-09-13,10508,109,0,0
user_53,2025-09-12,9147,138,0,0
user_53,2025-09-11,10541,80,0,0
user_53,2025-09-10,7688,123,1,0
user_53,2025-09-09,1226,156,0,0
user_53,2025-09-08,3946,102,1,0
user_53,2025-09-07,824,124,0,0
user_53,2025-09-06,10540,108,0,0
user_53,2025-09-05,3850,70,0,0
user_53,2025-09-04,9388,117,0,0
user_53,2025-09-03,8166,117,0,0
user_53,2025-09-02,8148,155,0,0
user_53,2025-09-01,1681,111,0,0
user_54,2025-09-30,2,71,1,0
user_54,2025-09-29,10142,141,0,0
user_54,2025-09-28,8328,131,0,0
user_54,2025-09-27,11001,118,1,0
user_54,2025-09-26,5953,66,1,0
user_54,2025-09-25,7445,102,0,0
user_54,2025-09-24,10154,136,0,0
user_54,2025-09-23,10767,106,1,0
user_54,2025-09-22,1868,72,1,0
user_54,2025-09-21,3633,60,0,0
user_54,2025-09-20,10381,97,0,0
user_54,2025-09-19,6125,149,0,0
user_54,2025-09-18,2689,123,0,0
user_54,2025-09-17,11744,155,1,0
user_54,2025-09-16,1752,92,0,0
user_54,2025-09-15,3072,75,1,0
user_54,2025-09-14,6437,87,0,0
user_54,2025-09-13,3122,151,0,0
user_54,2025-09-12,6790,65,1,0
user_54,2025-09-11,11012,135,0,0
user_54,2025-09-10,7381,118,0,0
user_54,2025-09-09,8260,77,1,0
user_54,2025-09-08,71,127,1,0
user_54,2025-09-07,9064,115,1,0
user_54,2025-09-06,7912,125,1,0
user_54,2025-09-05,2903,148,0,0
user_54,2025-09-04,11968,76,0,0
user_54,2025-09-03,10772,136,0,0
user_54,2025-09-02,5273,124,1,0
user_54,2025-09-01,6859,137,1,0
user_55,2025-09-30,4482,110,1,0
user_55,2025-09-29,4819,117,1,0
user_55,2025-09-28,2263,112,0,0
user_55,2025-09-27,8393,98,1,0
user_55,2025-09-26,8975,100,1,0
user_55,2025-09-25,9069,140,0,0
user_55,2025-09-24,3435,139,1,0
user_55,2025-09-23,11249,104,1,0
user_55,2025-09-22,2173,150,0,0
user_55,2025-09-21,2913,124,0,0
user_55,2025-09-20,10434,101,1,0
user_55,2025-09-19,5771,131,0,0
user_55,2025-09-18,9349,145,1,0
user_55,2025-09-17,11046,155,1,0
user_55,2025-09-16,8747,96,1,0
user_55,2025-09-15,6920,61,0,0
user_55,2025-09-14,414,108,0,0
user_55,2025-09-13,10981,67,0,0
user_55,2025-09-12,2636,96,0,0
user_55,2025-09-11,2399,67,0,0
user_55,2025-09-10,4835,86,1,0
user_55,2025-09-09,529,105,1,0
user_55,2025-09-08,1679,138,1,0
user_55,2025-09-07,9205,88,1,0
user_55,2025-09-06,9195,109,0,0
user_55,2025-09-05,11405,96,0,0
user_55,2025-09-04,769,108,0,0
user_55,2025-09-03,11225,100,1,0
user_55,2025-09-02,881,61,1,0
user_55,2025-09-01,3327,139,1,0
user_56,2025-09-30,7259,88,1,0
user_56,2025-09-29,11544,150,0,0
user_56,2025-09-28,9640,129,1,0
user_56,2025-09-27,3218,159,1,0
user_56,2025-09-26,3170,97,0,0
user_56,2025-09-25,11184,69,0,0
user_56,2025-09-24,2847,154,0,0
user_56,2025-09-23,6180,65,0,0
user_56,2025-09-22,9119,93,0,0
user_56,2025-09-21,9568,92,0,0
user_56,2025-09-20,7640,150,1,0
user_56,2025-09-19,654,79,1,0
user_56,2025-09-18,9779,66,1,0
user_56,2025-09-17,10246,138,1,0
user_56,2025-09-16,4934,122,1,0
user_56,2025-09-15,9013,105,0,0
user_56,2025-09-14,11594,100,0,0
user_56,2025-09-13,3012,126,0,0
user_56,2025-09-12,8276,80,0,0
user_56,2025-09-11,8798,111,0,0
user_56,2025-09-10,3624,87,0,0
user_56,2025-09-09,5424,106,0,0
user_56,2025-09-08,10129,127,0,0
user_56,2025-09-07,9196,156,1,0
user_56,2025-09-06,144,74,0,0
user_56,2025-09-05,7301,90,1,0
user_56,2025-09-04,10054,139,0,0
user_56,2025-09-03,653,147,1,0
user_56,2025-09-02,6248,74,0,0
user_56,2025-09-01,8851,152,0,0
user_57,2025-09-30,6143,125,1,0
user_57,2025-09-29,7300,122,0,0
user_57,2025-09-28,10674,84,0,0
user_57,2025-09-27,1349,72,0,0
user_57,2025-09-26,8814,128,0,0
user_57,2025-09-25,1072,86,0,0
user_57,2025-09-24,3492,147,0,0
user_57,2025-09-23,1702,86,0,0
user_57,2025-09-22,11513,154,1,0
user_57,2025-09-21,10593,69,1,0
user_57,2025-09-20,2519,63,0,0
user_57,2025-09-19,5434,64,0,0
user_57,2025-09-18,889,82,1,0
user_57,2025-09-17,9143,69,0,0
user_57,2025-09-16,3729,93,0,0
user_57,2025-09-15,7391,140,0,0
user_57,2025-09-14,5183,62,0,0
user_57,2025-09-13,1938,128,0,0
user_57,2025-09-12,11801,139,0,0
user_57,2025-09-11,9594,65,1,0
user_57,2025-09-10,1189,105,1,0
user_57,2025-09-09,1738,97,1,0
user_57,2025-09-08,4937,137,0,0
user_57,2025-09-07,7170,108,0,0
user_57,2025-09-06,10825,63,0,0
user_57,2025-09-05,8740,88,0,0
user_57,2025-09-04,6406,129,0,0
user_57,2025-09-03,10388,78,0,0
user_57,2025-09-02,11949,142,0,0
user_57,2025-09-01,182,130,1,0
user_58,2025-09-30,171,60,0,1
user_58,2025-09-29,2345,136,0,1
user_58,2025-09-28,1614,128,0,1
user_58,2025-09-27,2242,70,0,1
user_58,2025-09-26,1248,86,0,1
user_58,2025-09-25,3065,154,0,1
user_58,2025-09-24,3700,152,0,1
user_58,2025-09-23,1408,87,0,1
user_58,2025-09-22,1690,142,0,1
user_58,2025-09-21,3487,125,0,1
user_58,2025-09-20,583,80,0,1
user_58,2025-09-19,753,88,0,1
user_58,2025-09-18,2526,92,0,1
user_58,2025-09-17,795,74,0,1
user_58,2025-09-16,742,145,0,1
user_58,2025-09-15,3275,132,0,1
user_58,2025-09-14,3490,66,0,1
user_58,2025-09-13,3487,156,0,1
user_58,2025-09-12,3818,130,0,1
user_58,2025-09-11,1889,142,0,1
user_58,2025-09-10,2251,69,0,1
user_58,2025-09-09,1190,145,0,1
user_58,2025-09-08,275,92,0,1
user_58,2025-09-07,402,85,0,1
user_58,2025-09-06,2972,134,0,1
user_58,2025-09-05,1995,102,0,1
user_58,2025-09-04,1462,76,0,1
user_58,2025-09-03,2749,143,0,1
user_58,2025-09-02,960,72,0,1
user_58,2025-09-01,1167,139,0,1
user_59,2025-09-30,792,100,0,1
user_59,2025-09-29,1990,117,0,1
user_59,2025-09-28,1344,138,0,1
user_59,2025-09-27,2700,99,0,1
user_59,2025-09-26,2840,134,0,1
user_59,2025-09-25,624,132,0,1
user_59,2025-09-24,2321,106,0,1
user_59,2025-09-23,3308,100,0,1
user_59,2025-09-22,3926,114,0,1
user_59,2025-09-21,690,60,0,1
user_59,2025-09-20,1282,91,0,1
user_59,2025-09-19,3218,88,0,1
user_59,2025-09-18,2917,154,0,1
user_59,2025-09-17,2624,115,0,1
user_59,2025-09-16,1133,106,0,1
user_59,2025-09-15,550,146,0,1
user_59,2025-09-14,3002,102,0,1
user_59,2025-09-13,3595,121,0,1
user_59,2025-09-12,1895,117,0,1
user_59,2025-09-11,1469,159,0,1
user_59,2025-09-10,1251,122,0,1
user_59,2025-09-09,2259,73,0,1
user_59,2025-09-08,719,142,0,1
user_59,2025-09-07,2484,70,0,1
user_59,2025-09-06,3447,95,0,1
user_59,2025-09-05,3517,77,0,1
user_59,2025-09-04,3650,128,0,1
user_59,2025-09-03,804,93,0,1
user_59,2025-09-02,3004,140,0,1
user_59,2025-09-01,313,153,0,1
user_60,2025-09-30,76,124,0,1
user_60,2025-09-29,2587,63,0,1
user_60,2025-09-28,3328,134,0,1
user_60,2025-09-27,2371,111,0,1
user_60,2025-09-26,3150,135,0,1
user_60,2025-09-25,871,64,0,1
user_60,2025-09-24,2259,93,0,1
user_60,2025-09-23,2226,129,0,1
user_60,2025-09-22,1933,143,0,1
user_60,2025-09-21,3175,79,0,1
user_60,2025-09-20,1498,110,0,1
user_60,2025-09-19,914,158,0,1
user_60,2025-09-18,2415,153,0,1
user_60,2025-09-17,3510,97,0,1
user_60,2025-09-16,548,119,0,1
user_60,2025-09-15,2052,125,0,1
user_60,2025-09-14,370,110,0,1
user_60,2025-09-13,1490,124,0,1
user_60,2025-09-12,43,144,0,1
user_60,2025-09-11,978,138,0,1
user_60,2025-09-10,2802,81,0,1
user_60,2025-09-09,3101,125,0,1
user_60,2025-09-08,574,117,0,1
user_60,2025-09-07,652,82,0,1
user_60,2025-09-06,2319,132,0,1
user_60,2025-09-05,2700,78,0,1
user_60,2025-09-04,3014,153,0,1
user_60,2025-09-03,1980,105,0,1
user_60,2025-09-02,165,88,0,1
user_60,2025-09-01,3118,122,0,1
user_61,2025-09-30,4331,107,0,0
user_61,2025-09-29,10954,86,0,0
user_61,2025-09-28,5918,109,0,0
user_61,2025-09-27,7448,65,0,0
user_61,2025-09-26,10625,101,0,0
user_61,2025-09-25,8542,141,1,0
user_61,2025-09-24,4314,134,0,0
user_61,2025-09-23,2848,108,0,0
user_61,2025-09-22,5985,135,0,0
user_61,2025-09-21,1275,126,0,0
user_61,2025-09-20,3651,126,0,0
user_61,2025-09-19,5653,122,1,0
user_61,2025-09-18,9899,60,0,0
user_61,2025-09-17,2276,116,0,0
user_61,2025-09-16,1263,125,0,0
user_61,2025-09-15,3465,79,0,0
user_61,2025-09-14,5934,137,1,0
user_61,2025-09-13,1938,144,0,0
user_61,2025-09-12,5410,152,0,0
user_61,2025-09-11,11062,121,0,0
user_61,2025-09-10,9679,80,0,0
user_61,2025-09-09,6732,62,0,0
user_61,2025-09-08,2095,133,0,0
user_61,2025-09-07,2207,140,0,0
user_61,2025-09-06,9376,78,0,0
user_61,2025-09-05,4231,83,0,0
user_61,2025-09-04,6642,136,1,0
user_61,2025-09-03,10446,62,1,0
user_61,2025-09-02,11927,144,1,0
user_61,2025-09-01,1404,87,0,0
user_62,2025-09-30,7891,81,0,0
user_62,2025-09-29,6730,136,0,0
user_62,2025-09-28,9546,158,0,0
user_62,2025-09-27,10807,125,0,0
user_62,2025-09-26,11865,147,0,0
user_62,2025-09-25,7429,136,0,0
user_62,2025-09-24,3765,108,0,0
user_62,2025-09-23,1778,62,0,0
user_62,2025-09-22,8263,147,0,0
user_62,2025-09-21,2450,137,0,0
user_62,2025-09-20,7796,138,0,0
user_62,2025-09-19,8706,124,1,0
user_62,2025-09-18,1526,121,0,0
user_62,2025-09-17,9887,129,1,0
user_62,2025-09-16,11117,143,0,0
user_62,2025-09-15,6892,107,1,0
user_62,2025-09-14,11430,127,0,0
user_62,2025-09-13,7899,158,0,0
user_62,2025-09-12,9650,154,1,0
user_62,2025-09-11,11414,133,0,0
user_62,2025-09-10,2193,92,0,0
user_62,2025-09-09,3809,70,0,0
user_62,2025-09-08,8908,112,0,0
user_62,2025-09-07,89,150,1,0
user_62,2025-09-06,116,133,0,0
user_62,2025-09-05,8515,60,0,0
user_62,2025-09-04,3365,148,1,0
user_62,2025-09-03,6698,106,0,0
user_62,2025-09-02,6980,143,0,0
user_62,2025-09-01,4281,128,0,0
user_63,2025-09-30,4514,147,0,0
user_63,2025-09-29,3337,112,0,0
user_63,2025-09-28,9135,121,0,0
user_63,2025-09-27,9160,131,0,0
user_63,2025-09-26,5024,133,0,0
user_63,2025-09-25,11558,110,1,0
user_63,2025-09-24,10801,75,1,0
user_63,2025-09-23,7317,160,0,0
user_63,2025-09-22,2650,72,0,0
user_63,2025-09-21,6562,160,0,0
user_63,2025-09-20,9020,138,0,0
user_63,2025-09-19,11580,66,0,0
user_63,2025-09-18,10418,60,1,0
user_63,2025-09-17,2381,120,1,0
user_63,2025-09-16,7133,71,0,0
user_63,2025-09-15,3633,107,0,0
user_63,2025-09-14,618,152,0,0
user_63,2025-09-13,6564,138,0,0
user_63,2025-09-12,4693,151,1,0
user_63,2025-09-11,941,159,1,0
user_63,2025-09-10,10490,123,0,0
user_63,2025-09-09,3304,144,1,0
user_63,2025-09-08,8489,96,0,0
user_63,2025-09-07,9822,125,0,0
user_63,2025-09-06,3795,138,0,0
user_63,2025-09-05,590,106,0,0
user_63,2025-09-04,4,80,0,0
user_63,2025-09-03,4520,159,0,0
user_63,2025-09-02,10971,110,0,0
user_63,2025-09-01,3281,126,0,0
user_64,2025-09-30,1477,130,0,0
user_64,2025-09-29,9160,134,0,0
user_64,2025-09-28,4530,88,0,0
user_64,2025-09-27,3187,118,1,0
user_64,2025-09-26,9419,60,0,0
user_64,2025-09-25,6670,124,0,0
user_64,2025-09-24,1185,124,0,0
user_64,2025-09-23,1917,125,1,0
user_64,2025-09-22,8813,133,0,0
user_64,2025-09-21,7254,108,0,0
user_64,2025-09-20,3985,156,0,0
user_64,2025-09-19,7517,147,0,0
user_64,2025-09-18,9614,63,0,0
user_64,2025-09-17,4224,68,0,0
user_64,2025-09-16,3610,146,1,0
user_64,2025-09-15,5172,112,1,0
user_64,2025-09-14,8462,128,0,0
user_64,2025-09-13,4314,91,0,0
user_64,2025-09-12,6536,146,1,0
user_64,2025-09-11,5603,69,0,0
user_64,2025-09-10,2924,120,0,0
user_64,2025-09-09,3580,133,0,0
user_64,2025-09-08,11192,84,0,0
user_64,2025-09-07,3271,90,1,0
user_64,2025-09-06,4348,86,0,0
user_64,2025-09-05,4091,139,0,0
user_64,2025-09-04,1747,75,1,0
user_64,2025-09-03,11072,144,0,0
user_64,2025-09-02,108,157,1,0
user_64,2025-09-01,692,121,0,0
user_65,2025-09-30,9412,95,0,0
user_65,2025-09-29,8374,95,0,0
user_65,2025-09-28,9448,76,0,0
user_65,2025-09-27,6933,121,1,0
user_65,2025-09-26,533,124,0,0
user_65,2025-09-25,11244,159,0,0
user_65,2025-09-24,1972,149,0,0
user_65,2025-09-23,5171,148,0,0
user_65,2025-09-22,11044,86,0,0
user_65,2025-09-21,1650,101,0,0
user_65,2025-09-20,4254,83,0,0
user_65,2025-09-19,3885,94,0,0
user_65,2025-09-18,10044,103,0,0
user_65,2025-09-17,8171,114,0,0
user_65,2025-09-16,11480,156,0,0
user_65,2025-09-15,6563,95,0,0
user_65,2025-09-14,9361,76,1,0
user_65,2025-09-13,11239,89,1,0
user_65,2025-09-12,11809,94,1,0
user_65,2025-09-11,9098,115,1,0
user_65,2025-09-10,3212,78,1,0
user_65,2025-09-09,2450,120,1,0
user_65,2025-09-08,2893,113,0,0
user_65,2025-09-07,10332,126,0,0
user_65,2025-09-06,5172,160,0,0
user_65,2025-09-05,4111,131,1,0
user_65,2025-09-04,781,110,0,0
user_65,2025-09-03,2676,67,0,0
user_65,2025-09-02,4166,120,1,0
user_65,2025-09-01,1577,117,1,0
user_66,2025-09-30,5903,131,0,0
user_66,2025-09-29,4222,104,0,0
user_66,2025-09-28,1986,104,1,0
user_66,2025-09-27,9921,85,0,0
user_66,2025-09-26,10647,143,0,0
user_66,2025-09-25,4663,105,0,0
user_66,2025-09-24,8363,122,1,0
user_66,2025-09-23,7322,70,0,0
user_66,2025-09-22,4694,119,0,0
user_66,2025-09-21,2373,81,0,0
user_66,2025-09-20,5527,113,0,0
user_66,2025-09-19,9365,111,1,0
user_66,2025-09-18,1168,70,0,0
user_66,2025-09-17,3739,100,0,0
user_66,2025-09-16,4773,150,0,0
user_66,2025-09-15,10561,110,0,0
user_66,2025-09-14,7289,159,1,0
user_66,2025-09-13,5950,155,0,0
user_66,2025-09-12,7377,112,0,0
user_66,2025-09-11,378,76,1,0
user_66,2025-09-10,10846,92,1,0
user_66,2025-09-09,11480,155,0,0
user_66,2025-09-08,2734,110,0,0
user_66,2025-09-07,1045,120,0,0
user_66,2025-09-06,431,158,0,0
user_66,2025-09-05,1363,73,0,0
user_66,2025-09-04,2544,70,0,0
user_66,2025-09-03,6387,99,0,0
user_66,2025-09-02,4655,116,0,0
user_66,2025-09-01,2150,127,1,0
user_67,2025-09-30,2717,105,0,1
user_67,2025-09-29,3524,101,0,1
user_67,2025-09-28,3539,120,0,1
user_67,2025-09-27,1913,129,0,1
user_67,2025-09-26,3829,94,0,1
user_67,2025-09-25,2246,116,0,1
user_67,2025-09-24,553,149,0,1
user_67,2025-09-23,2208,82,0,1
user_67,2025-09-22,2420,136,0,1
user_67,2025-09-21,1870,140,0,1
user_67,2025-09-20,3067,141,0,1
user_67,2025-09-19,3593,132,0,1
user_67,2025-09-18,1781,127,0,1
user_67,2025-09-17,2620,141,0,1
user_67,2025-09-16,2186,99,0,1
user_67,2025-09-15,3722,104,0,1
user_67,2025-09-14,1972,129,0,1
user_67,2025-09-13,930,71,0,1
user_67,2025-09-12,1809,99,0,1
user_67,2025-09-11,1498,112,0,1
user_67,2025-09-10,1064,79,0,1
user_67,2025-09-09,1243,61,0,1
user_67,2025-09-08,0,126,0,1
user_67,2025-09-07,3339,157,0,1
user_67,2025-09-06,3473,77,0,1
user_67,2025-09-05,1408,96,0,1
user_67,2025-09-04,1921,128,0,1
user_67,2025-09-03,34,148,0,1
user_67,2025-09-02,3776,122,0,1
user_67,2025-09-01,3878,156,0,1
user_68,2025-09-30,149,158,0,0
user_68,2025-09-29,4799,136,0,0
user_68,2025-09-28,118,130,0,0
user_68,2025-09-27,6745,131,0,0
user_68,2025-09-26,4094,80,1,0
user_68,2025-09-25,10583,109,1,0
user_68,2025-09-24,3614,93,0,0
user_68,2025-09-23,10245,90,0,0
user_68,2025-09-22,10046,148,0,0
user_68,2025-09-21,4664,143,1,0
user_68,2025-09-20,4404,112,0,0
user_68,2025-09-19,1121,83,0,0
user_68,2025-09-18,1808,141,0,0
user_68,2025-09-17,7418,94,1,0
user_68,2025-09-16,8060,84,0,0
user_68,2025-09-15,2492,66,1,0
user_68,2025-09-14,362,83,1,0
user_68,2025-09-13,4622,94,0,0
user_68,2025-09-12,7183,153,0,0
user_68,2025-09-11,1477,79,0,0
user_68,2025-09-10,3558,103,0,0
user_68,2025-09-09,8165,107,0,0
user_68,2025-09-08,519,102,0,0
user_68,2025-09-07,2393,67,0,0
user_68,2025-09-06,6429,69,0,0
user_68,2025-09-05,2975,84,1,0
user_68,2025-09-04,4097,108,1,0
user_68,2025-09-03,1998,158,1,0
user_68,2025-09-02,6304,158,1,0
user_68,2025-09-01,4049,154,1,0
user_69,2025-09-30,3011,158,0,1
user_69,2025-09-29,384,126,0,1
user_69,2025-09-28,2727,86,0,1
user_69,2025-09-27,1936,109,0,1
user_69,2025-09-26,2791,99,0,1
user_69,2025-09-25,3834,101,0,1
user_69,2025-09-24,649,140,0,1
user_69,2025-09-23,2982,65,0,1
user_69,2025-09-22,3050,130,0,1
user_69,2025-09-21,2133,75,0,1
user_69,2025-09-20,1037,121,0,1
user_69,2025-09-19,2615,98,0,1
user_69,2025-09-18,813,106,0,1
user_69,2025-09-17,3635,66,0,1
user_69,2025-09-16,3537,145,0,1
user_69,2025-09-15,892,74,0,1
user_69,2025-09-14,966,141,0,1
user_69,2025-09-13,1778,101,0,1
user_69,2025-09-12,61,81,0,1
user_69,2025-09-11,3253,95,0,1
user_69,2025-09-10,2394,75,0,1
user_69,2025-09-09,1621,91,0,1
user_69,2025-09-08,36,65,0,1
user_69,2025-09-07,2380,160,0,1
user_69,2025-09-06,2829,120,0,1
user_69,2025-09-05,2819,136,0,1
user_69,2025-09-04,634,107,0,1
user_69,2025-09-03,3157,71,0,1
user_69,2025-09-02,1018,80,0,1
user_69,2025-09-01,2047,71,0,1
user_70,2025-09-30,5544,157,0,0
user_70,2025-09-29,979,105,0,0
user_70,2025-09-28,11490,128,1,0
user_70,2025-09-27,2061,122,0,0
user_70,2025-09-26,9148,160,0,0
user_70,2025-09-25,5690,116,1,0
user_70,2025-09-24,349,148,0,0
user_70,2025-09-23,11868,77,0,0
user_70,2025-09-22,646,122,1,0
user_70,2025-09-21,9159,97,0,0
user_70,2025-09-20,8029,84,0,0
user_70,2025-09-19,8906,104,0,0
user_70,2025-09-18,7674,95,1,0
user_70,2025-09-17,9808,130,0,0
user_70,2025-09-16,8702,79,0,0
user_70,2025-09-15,4314,129,0,0
user_70,2025-09-14,11,159,0,0
user_70,2025-09-13,6210,153,0,0
user_70,2025-09-12,306,139,1,0
user_70,2025-09-11,10161,90,0,0
user_70,2025-09-10,1037,144,1,0
user_70,2025-09-09,6348,84,0,0
user_70,2025-09-08,8151,158,0,0
user_70,2025-09-07,10044,96,0,0
user_70,2025-09-06,10500,101,0,0
user_70,2025-09-05,8572,144,0,0
user_70,2025-09-04,2126,82,1,0
user_70,2025-09-03,3310,73,0,0
user_70,2025-09-02,1617,64,0,0
user_70,2025-09-01,6366,144,0,0
user_71,2025-09-30,9671,92,0,0
user_71,2025-09-29,3616,137,1,0
user_71,2025-09-28,214,86,0,0
user_71,2025-09-27,1310,119,1,0
user_71,2025-09-26,994,106,0,0
user_71,2025-09-25,6814,107,1,0
user_71,2025-09-24,955,138,0,0
user_71,2025-09-23,666,153,0,0
user_71,2025-09-22,4979,69,1,0
user_71,2025-09-21,8511,72,0,0
user_71,2025-09-20,3784,128,0,0
user_71,2025-09-19,3164,127,0,0
user_71,2025-09-18,9339,140,1,0
user_71,2025-09-17,9149,155,0,0
user_71,2025-09-16,1728,158,0,0
user_71,2025-09-15,5864,146,0,0
user_71,2025-09-14,10899,114,1,0
user_71,2025-09-13,2733,83,0,0
user_71,2025-09-12,8268,103,0,0
user_71,2025-09-11,8747,136,0,0
user_71,2025-09-10,5772,100,0,0
user_71,2025-09-09,5319,107,0,0
user_71,2025-09-08,10375,115,1,0
user_71,2025-09-07,5299,137,0,0
user_71,2025-09-06,8939,87,0,0
user_71,2025-09-05,9015,155,0,0
user_71,2025-09-04,7412,117,1,0
user_71,2025-09-03,3,152,0,0
user_71,2025-09-02,4660,136,0,0
user_71,2025-09-01,2213,98,0,0
user_72,2025-09-30,3519,100,0,0
user_72,2025-09-29,11300,95,1,0
user_72,2025-09-28,8376,131,0,0
user_72,2025-09-27,9365,79,0,0
user_72,2025-09-26,7542,105,0,0
user_72,2025-09-25,4341,106,1,0
user_72,2025-09-24,4093,89,0,0
user_72,2025-09-23,4920,71,0,0
user_72,2025-09-22,9323,87,1,0
user_72,2025-09-21,11855,101,1,0
user_72,2025-09-20,2832,122,1,0
user_72,2025-09-19,11298,149,0,0
user_72,2025-09-18,1562,136,0,0
user_72,2025-09-17,612,153,1,0
user_72,2025-09-16,6251,70,1,0
user_72,2025-09-15,5478,104,1,0
user_72,2025-09-14,7115,113,1,0
user_72,2025-09-13,1974,158,0,0
user_72,2025-09-12,10695,137,1,0
user_72,2025-09-11,10385,159,0,0
user_72,2025-09-10,886,99,0,0
user_72,2025-09-09,5231,129,0,0
user_72,2025-09-08,5354,124,0,0
user_72,2025-09-07,2509,66,0,0
user_72,2025-09-06,6436,117,1,0
user_72,2025-09-05,9424,124,0,0
user_72,2025-09-04,7076,97,1,0
user_72,2025-09-03,2425,76,0,0
user_72,2025-09-02,7796,133,1,0
user_72,2025-09-01,8980,111,0,0
user_73,2025-09-30,7118,159,0,0
user_73,2025-09-29,2209,121,0,0
user_73,2025-09-28,7993,110,0,0
user_73,2025-09-27,3212,131,0,0
user_73,2025-09-26,8589,91,0,0
user_73,2025-09-25,4362,159,0,0
user_73,2025-09-24,11218,133,0,0
user_73,2025-09-23,11005,112,0,0
user_73,2025-09-22,5706,84,0,0
user_73,2025-09-21,9730,143,0,0
user_73,2025-09-20,4994,81,1,0
user_73,2025-09-19,10096,116,0,0
user_73,2025-09-18,7216,65,1,0
user_73,2025-09-17,3825,85,0,0
user_73,2025-09-16,2555,156,1,0
user_73,2025-09-15,1405,74,1,0
user_73,2025-09-14,3982,139,1,0
user_73,2025-09-13,4713,61,0,0
user_73,2025-09-12,1823,99,0,0
user_73,2025-09-11,372,102,0,0
user_73,2025-09-10,8814,87,0,0
user_73,2025-09-09,8573,156,0,0
user_73,2025-09-08,7913,139,1,0
user_73,2025-09-07,2315,148,0,0
user_73,2025-09-06,301,108,0,0
user_73,2025-09-05,10871,127,0,0
user_73,2025-09-04,2790,67,0,0
user_73,2025-09-03,11411,139,0,0
user_73,2025-09-02,7617,143,1,0
user_73,2025-09-01,1091,109,0,0
user_74,2025-09-30,10815,106,1,0
user_74,2025-09-29,312,97,1,0
user_74,2025-09-28,10639,109,0,0
user_74,2025-09-27,6237,125,1,0
user_74,2025-09-26,1631,100,0,0
user_74,2025-09-25,9782,128,0,0
user_74,2025-09-24,3258,124,1,0
user_74,2025-09-23,9186,151,0,0
user_74,2025-09-22,4053,127,0,0
user_74,2025-09-21,8027,110,1,0
user_74,2025-09-20,301,104,0,0
user_74,2025-09-19,5822,140,0,0
user_74,2025-09-18,8212,95,1,0
user_74,2025-09-17,10252,92,1,0
user_74,2025-09-16,482,131,1,0
user_74,2025-09-15,3695,79,0,0
user_74,2025-09-14,6436,144,0,0
user_74,2025-09-13,11958,108,0,0
user_74,2025-09-12,11108,138,1,0
user_74,2025-09-11,11247,89,0,0
user_74,2025-09-10,9386,79,0,0
user_74,2025-09-09,5118,137,0,0
user_74,2025-09-08,8883,76,0,0
user_74,2025-09-07,2270,134,0,0
user_74,2025-09-06,3314,77,0,0
user_74,2025-09-05,11552,127,1,0
user_74,2025-09-04,7046,158,0,0
user_74,2025-09-03,9254,80,0,0
user_74,2025-09-02,9131,128,1,0
user_74,2025-09-01,1939,83,0,0
user_75,2025-09-30,11912,63,1,0
user_75,2025-09-29,6783,112,0,0
user_75,2025-09-28,10434,154,0,0
user_75,2025-09-27,3079,73,0,0
user_75,2025-09-26,429,157,1,0
user_75,2025-09-25,10108,94,0,0
user_75,2025-09-24,10032,89,0,0
user_75,2025-09-23,3783,147,0,0
user_75,2025-09-22,1302,148,1,0
user_75,2025-09-21,2196,124,1,0
user_75,2025-09-20,7680,151,0,0
user_75,2025-09-19,3014,109,0,0
user_75,2025-09-18,2253,80,0,0
user_75,2025-09-17,528,112,1,0
user_75,2025-09-16,245,94,1,0
user_75,2025-09-15,3646,155,0,0
user_75,2025-09-14,3323,156,0,0
user_75,2025-09-13,2901,116,1,0
user_75,2025-09-12,8027,148,0,0
user_75,2025-09-11,7496,91,0,0
user_75,2025-09-10,685,137,1,0
user_75,2025-09-09,6232,152,0,0
user_75,2025-09-08,10018,155,0,0
user_75,2025-09-07,8784,127,0,0
user_75,2025-09-06,11536,160,0,0
user_75,2025-09-05,1791,117,0,0
user_75,2025-09-04,694,91,0,0
user_75,2025-09-03,6481,154,0,0
user_75,2025-09-02,6347,126,1,0
user_75,2025-09-01,807,84,0,0
user_76,2025-09-30,4989,159,1,0
user_76,2025-09-29,7558,81,0,0
user_76,2025-09-28,10045,66,0,0
user_76,2025-09-27,2330,119,1,0
user_76,2025-09-26,7400,71,1,0
user_76,2025-09-25,1854,83,1,0
user_76,2025-09-24,11405,129,0,0
user_76,2025-09-23,6775,101,0,0
user_76,2025-09-22,2930,118,0,0
user_76,2025-09-21,11675,85,1,0
user_76,2025-09-20,1477,92,0,0
user_76,2025-09-19,10626,151,1,0
user_76,2025-09-18,11769,153,0,0
user_76,2025-09-17,1870,150,0,0
user_76,2025-09-16,5946,70,0,0
user_76,2025-09-15,6292,153,1,0
user_76,2025-09-14,8383,138,1,0
user_76,2025-09-13,6204,130,0,0
user_76,2025-09-12,2799,102,0,0
user_76,2025-09-11,10805,79,0,0
user_76,2025-09-10,2369,82,1,0
user_76,2025-09-09,840,113,0,0
user_76,2025-09-08,11962,158,1,0
user_76,2025-09-07,4731,140,0,0
user_76,2025-09-06,2155,85,0,0
user_76,2025-09-05,4146,61,0,0
user_76,2025-09-04,8169,129,1,0
user_76,2025-09-03,9961,123,0,0
user_76,2025-09-02,9647,144,0,0
user_76,2025-09-01,6719,116,0,0
user_77,2025-09-30,4009,130,0,0
user_77,2025-09-29,10299,131,1,0
user_77,2025-09-28,3401,66,0,0
user_77,2025-09-27,902,143,0,0
user_77,2025-09-26,2381,64,0,0
user_77,2025-09-25,9884,98,0,0
user_77,2025-09-24,1436,66,0,0
user_77,2025-09-23,2920,80,0,0
user_77,2025-09-22,10012,144,0,0
user_77,2025-09-21,9747,133,1,0
user_77,2025-09-20,2906,118,1,0
user_77,2025-09-19,5901,64,0,0
user_77,2025-09-18,4903,101,0,0
user_77,2025-09-17,6208,68,1,0
user_77,2025-09-16,9018,68,0,0
user_77,2025-09-15,2204,75,0,0
user_77,2025-09-14,4496,102,0,0
user_77,2025-09-13,8595,86,0,0
user_77,2025-09-12,10027,67,0,0
user_77,2025-09-11,11955,140,0,0
user_77,2025-09-10,1436,121,1,0
user_77,2025-09-09,9908,160,1,0
user_77,2025-09-08,4705,114,0,0
user_77,2025-09-07,5185,93,0,0
user_77,2025-09-06,10211,105,1,0
user_77,2025-09-05,10064,132,0,0
user_77,2025-09-04,11946,140,0,0
user_77,2025-09-03,2947,138,0,0
user_77,2025-09-02,4759,84,0,0
user_77,2025-09-01,392,119,0,0
user_78,2025-09-30,3473,86,0,1
user_78,2025-09-29,3275,138,0,1
user_78,2025-09-28,1698,112,0,1
user_78,2025-09-27,186,102,0,1
user_78,2025-09-26,1432,131,0,1
user_78,2025-09-25,3301,141,0,1
user_78,2025-09-24,869,61,0,1
user_78,2025-09-23,2623,85,0,1
user_78,2025-09-22,2826,96,0,1
user_78,2025-09-21,1042,68,0,1
user_78,2025-09-20,1260,98,0,1
user_78,2025-09-19,2075,130,0,1
user_78,2025-09-18,1326,158,0,1
user_78,2025-09-17,25,74,0,1
user_78,2025-09-16,2809,102,0,1
user_78,2025-09-15,1398,110,0,1
user_78,2025-09-14,2967,132,0,1
user_78,2025-09-13,2523,63,0,1
user_78,2025-09-12,3408,82,0,1
user_78,2025-09-11,794,102,0,1
user_78,2025-09-10,3415,103,0,1
user_78,2025-09-09,3777,146,0,1
user_78,2025-09-08,1962,120,0,1
user_78,2025-09-07,3265,64,0,1
user_78,2025-09-06,2644,77,0,1
user_78,2025-09-05,1972,79,0,1
user_78,2025-09-04,2569,118,0,1
user_78,2025-09-03,3653,128,0,1
user_78,2025-09-02,3669,102,0,1
user_78,2025-09-01,1894,160,0,1
user_79,2025-09-30,917,126,0,0
user_79,2025-09-29,11877,146,0,0
user_79,2025-09-28,8779,62,0,0
user_79,2025-09-27,11231,102,1,0
user_79,2025-09-26,5793,68,1,0
user_79,2025-09-25,4595,63,0,0
user_79,2025-09-24,6147,140,0,0
user_79,2025-09-23,2719,133,0,0
user_79,2025-09-22,3070,136,0,0
user_79,2025-09-21,5050,150,1,0
user_79,2025-09-20,11630,64,0,0
user_79,2025-09-19,1422,123,1,0
user_79,2025-09-18,6088,117,1,0
user_79,2025-09-17,4958,87,0,0
user_79,2025-09-16,2867,74,0,0
user_79,2025-09-15,612,159,0,0
user_79,2025-09-14,1517,116,0,0
user_79,2025-09-13,7907,124,0,0
user_79,2025-09-12,5572,121,1,0
user_79,2025-09-11,8579,99,1,0
user_79,2025-09-10,2347,158,1,0
user_79,2025-09-09,8456,146,1,0
user_79,2025-09-08,3361,152,0,0
user_79,2025-09-07,6350,151,1,0
user_79,2025-09-06,1897,60,0,0
user_79,2025-09-05,721,147,1,0
user_79,2025-09-04,1426,102,0,0
user_79,2025-09-03,755,73,0,0
user_79,2025-09-02,10796,155,0,0
user_79,2025-09-01,9462,157,0,0
user_80,2025-09-30,5257,85,0,0
user_80,2025-09-29,4532,128,0,0
user_80,2025-09-28,7227,145,0,0
user_80,2025-09-27,2446,80,0,0
user_80,2025-09-26,249,139,0,0
user_80,2025-09-25,1677,86,0,0
user_80,2025-09-24,9000,100,0,0
user_80,2025-09-23,11540,96,0,0
user_80,2025-09-22,2806,69,0,0
user_80,2025-09-21,5549,129,0,0
user_80,2025-09-20,2131,63,0,0
user_80,2025-09-19,11067,66,0,0
user_80,2025-09-18,881,71,0,0
user_80,2025-09-17,2932,150,0,0
user_80,2025-09-16,9711,140,1,0
user_80,2025-09-15,11458,117,0,0
user_80,2025-09-14,5119,102,1,0
user_80,2025-09-13,11680,157,0,0
user_80,2025-09-12,8740,70,1,0
user_80,2025-09-11,7629,132,0,0
user_80,2025-09-10,11445,119,0,0
user_80,2025-09-09,5085,147,0,0
user_80,2025-09-08,7625,120,0,0
user_80,2025-09-07,3666,78,1,0
user_80,2025-09-06,10107,93,1,0
user_80,2025-09-05,6423,83,0,0
user_80,2025-09-04,10898,102,1,0
user_80,2025-09-03,5320,118,0,0
user_80,2025-09-02,1070,120,0,0
user_80,2025-09-01,7842,119,1,0
user_81,2025-09-30,5711,137,0,0
user_81,2025-09-29,8322,73,0,0
user_81,2025-09-28,11702,73,0,0
user_81,2025-09-27,10640,69,1,0
user_81,2025-09-26,8728,119,0,0
user_81,2025-09-25,6773,90,0,0
user_81,2025-09-24,8977,80,1,0
user_81,2025-09-23,6288,68,0,0
user_81,2025-09-22,11371,135,0,0
user_81,2025-09-21,7132,132,1,0
user_81,2025-09-20,8921,148,0,0
user_81,2025-09-19,10856,145,0,0
user_81,2025-09-18,11663,133,1,0
user_81,2025-09-17,1873,135,0,0
user_81,2025-09-16,5330,131,0,0
user_81,2025-09-15,7294,82,0,0
user_81,2025-09-14,6648,68,0,0
user_81,2025-09-13,11231,136,1,0
user_81,2025-09-12,6208,101,0,0
user_81,2025-09-11,10816,67,0,0
user_81,2025-09-10,2276,134,1,0
user_81,2025-09-09,10422,60,1,0
user_81,2025-09-08,10827,79,0,0
user_81,2025-09-07,4775,109,0,0
user_81,2025-09-06,7326,85,0,0
user_81,2025-09-05,5187,98,0,0
user_81,2025-09-04,11133,98,1,0
user_81,2025-09-03,7122,151,1,0
user_81,2025-09-02,5640,71,0,0
user_81,2025-09-01,10018,125,0,0
user_82,2025-09-30,1204,67,0,1
user_82,2025-09-29,1512,130,0,1
user_82,2025-09-28,3964,66,0,1
user_82,2025-09-27,3,150,0,1
user_82,2025-09-26,2293,105,0,1
user_82,2025-09-25,449,96,0,1
user_82,2025-09-24,3545,63,0,1
user_82,2025-09-23,963,115,0,1
user_82,2025-09-22,2876,135,0,1
user_82,2025-09-21,1614,140,0,1
user_82,2025-09-20,1303,151,0,1
user_82,2025-09-19,1567,111,0,1
user_82,2025-09-18,1562,115,0,1
user_82,2025-09-17,2232,87,0,1
user_82,2025-09-16,2713,82,0,1
user_82,2025-09-15,1945,77,0,1
user_82,2025-09-14,770,131,0,1
user_82,2025-09-13,1575,106,0,1
user_82,2025-09-12,3440,113,0,1
user_82,2025-09-11,631,96,0,1
user_82,2025-09-10,3574,145,0,1
user_82,2025-09-09,514,77,0,1
user_82,2025-09-08,47,69,0,1
user_82,2025-09-07,2655,62,0,1
user_82,2025-09-06,589,152,0,1
user_82,2025-09-05,3624,122,0,1
user_82,2025-09-04,2694,115,0,1
user_82,2025-09-03,3993,77,0,1
user_82,2025-09-02,346,77,0,1
user_82,2025-09-01,2630,113,0,1
user_83,2025-09-30,11393,137,1,0
user_83,2025-09-29,10211,83,0,0
user_83,2025-09-28,6948,130,1,0
user_83,2025-09-27,6303,105,0,0
user_83,2025-09-26,6959,137,0,0
user_83,2025-09-25,8161,153,0,0
user_83,2025-09-24,8220,94,0,0
user_83,2025-09-23,8948,133,0,0
user_83,2025-09-22,620,132,0,0
user_83,2025-09-21,6038,74,0,0
user_83,2025-09-20,11313,70,0,0
user_83,2025-09-19,11981,127,1,0
user_83,2025-09-18,4578,119,0,0
user_83,2025-09-17,8574,138,0,0
user_83,2025-09-16,7740,140,1,0
user_83,2025-09-15,10956,69,0,0
user_83,2025-09-14,8834,134,0,0
user_83,2025-09-13,864,103,0,0
user_83,2025-09-12,176,120,0,0
user_83,2025-09-11,7687,133,1,0
user_83,2025-09-10,6897,105,1,0
user_83,2025-09-09,4827,97,0,0
user_83,2025-09-08,11387,136,1,0
user_83,2025-09-07,11910,160,0,0
user_83,2025-09-06,1006,140,0,0
user_83,2025-09-05,2770,133,0,0
user_83,2025-09-04,4780,154,0,0
user_83,2025-09-03,4699,122,0,0
user_83,2025-09-02,8283,69,1,0
user_83,2025-09-01,4552,92,0,0
user_84,2025-09-30,4209,61,1,0
user_84,2025-09-29,9893,82,1,0
user_84,2025-09-28,2476,144,0,0
user_84,2025-09-27,2873,93,1,0
user_84,2025-09-26,3869,122,0,0
user_84,2025-09-25,8640,64,0,0
user_84,2025-09-24,1382,78,0,0
user_84,2025-09-23,2525,123,1,0
user_84,2025-09-22,6765,158,0,0
user_84,2025-09-21,10824,116,1,0
user_84,2025-09-20,2740,86,0,0
user_84,2025-09-19,5653,66,0,0
user_84,2025-09-18,1900,66,0,0
user_84,2025-09-17,6533,120,0,0
user_84,2025-09-16,8724,89,0,0
user_84,2025-09-15,11560,109,0,0
user_84,2025-09-14,2378,127,1,0
user_84,2025-09-13,194,96,1,0
user_84,2025-09-12,7353,108,0,0
user_84,2025-09-11,8687,147,1,0
user_84,2025-09-10,1595,128,0,0
user_84,2025-09-09,7074,138,1,0
user_84,2025-09-08,4466,102,0,0
user_84,2025-09-07,1610,92,0,0
user_84,2025-09-06,6408,119,1,0
user_84,2025-09-05,3961,153,0,0
user_84,2025-09-04,3193,126,0,0
user_84,2025-09-03,11309,83,0,0
user_84,2025-09-02,173,146,0,0
user_84,2025-09-01,1113,61,0,0
user_85,2025-09-30,11231,117,0,0
user_85,2025-09-29,11882,96,0,0
user_85,2025-09-28,557,63,0,0
user_85,2025-09-27,931,136,0,0
user_85,2025-09-26,3552,136,0,0
user_85,2025-09-25,11601,75,0,0
user_85,2025-09-24,9907,76,0,0
user_85,2025-09-23,10615,132,1,0
user_85,2025-09-22,3027,74,0,0
user_85,2025-09-21,4150,97,0,0
user_85,2025-09-20,1240,141,0,0
user_85,2025-09-19,4528,158,0,0
user_85,2025-09-18,10937,158,1,0
user_85,2025-09-17,4216,80,1,0
user_85,2025-09-16,4543,159,0,0
user_85,2025-09-15,6366,102,1,0
user_85,2025-09-14,4230,93,0,0
user_85,2025-09-13,1137,122,1,0
user_85,2025-09-12,3287,138,0,0
user_85,2025-09-11,10575,122,0,0
user_85,2025-09-10,8857,158,0,0
user_85,2025-09-09,10059,142,0,0
user_85,2025-09-08,7234,151,0,0
user_85,2025-09-07,571,69,0,0
user_85,2025-09-06,11920,92,1,0
user_85,2025-09-05,307,123,0,0
user_85,2025-09-04,10491,60,1,0
user_85,2025-09-03,10888,109,0,0
user_85,2025-09-02,11469,102,1,0
user_85,2025-09-01,9414,60,0,0
user_86,2025-09-30,8039,121,0,0
user_86,2025-09-29,11923,159,1,0
user_86,2025-09-28,1148,129,0,0
user_86,2025-09-27,6298,148,1,0
user_86,2025-09-26,7898,75,0,0
user_86,2025-09-25,5880,102,0,0
user_86,2025-09-24,6563,67,0,0
user_86,2025-09-23,10601,71,0,0
user_86,2025-09-22,5571,70,1,0
user_86,2025-09-21,4750,142,0,0
user_86,2025-09-20,9084,65,1,0
user_86,2025-09-19,10825,84,0,0
user_86,2025-09-18,6391,73,0,0
user_86,2025-09-17,5886,122,0,0
user_86,2025-09-16,10367,116,1,0
user_86,2025-09-15,2292,64,0,0
user_86,2025-09-14,11792,135,0,0
user_86,2025-09-13,6369,68,1,0
user_86,2025-09-12,10541,99,0,0
user_86,2025-09-11,7361,62,0,0
user_86,2025-09-10,918,103,1,0
user_86,2025-09-09,701,111,0,0
user_86,2025-09-08,10712,145,0,0
user_86,2025-09-07,11109,128,0,0
user_86,2025-09-06,9492,89,1,0
user_86,2025-09-05,604,154,0,0
user_86,2025-09-04,10712,62,0,0
user_86,2025-09-03,10131,65,0,0
user_86,2025-09-02,10629,76,0,0
user_86,2025-09-01,10365,66,1,0
user_87,2025-09-30,1594,118,0,0
user_87,2025-09-29,9683,68,1,0
user_87,2025-09-28,1742,74,0,0
user_87,2025-09-27,10086,88,0,0
user_87,2025-09-26,3320,114,0,0
user_87,2025-09-25,11114,111,0,0
user_87,2025-09-24,11208,133,0,0
user_87,2025-09-23,5268,87,1,0
user_87,2025-09-22,9717,82,0,0
user_87,2025-09-21,1978,95,0,0
user_87,2025-09-20,6801,81,0,0
user_87,2025-09-19,9067,81,0,0
user_87,2025-09-18,9535,65,0,0
user_87,2025-09-17,10357,138,0,0
user_87,2025-09-16,2584,62,1,0
user_87,2025-09-15,1322,60,0,0
user_87,2025-09-14,1460,150,0,0
user_87,2025-09-13,4648,113,0,0
user_87,2025-09-12,7798,148,0,0
user_87,2025-09-11,2344,141,0,0
user_87,2025-09-10,7379,112,0,0
user_87,2025-09-09,2859,138,0,0
user_87,2025-09-08,9769,83,1,0
user_87,2025-09-07,10027,71,0,0
user_87,2025-09-06,4934,104,0,0
user_87,2025-09-05,9137,90,0,0
user_87,2025-09-04,8686,72,0,0
user_87,2025-09-03,8842,124,0,0
user_87,2025-09-02,10263,144,0,0
user_87,2025-09-01,869,84,0,0
user_88,2025-09-30,3456,120,0,1
user_88,2025-09-29,2037,82,0,1
user_88,2025-09-28,654,145,0,1
user_88,2025-09-27,3779,65,0,1
user_88,2025-09-26,221,142,0,1
user_88,2025-09-25,1491,96,0,1
user_88,2025-09-24,858,115,0,1
user_88,2025-09-23,1029,102,0,1
user_88,2025-09-22,2526,157,0,1
user_88,2025-09-21,1856,65,0,1
user_88,2025-09-20,427,154,0,1
user_88,2025-09-19,214,128,0,1
user_88,2025-09-18,720,80,0,1
user_88,2025-09-17,3217,63,0,1
user_88,2025-09-16,1986,125,0,1
user_88,2025-09-15,475,69,0,1
user_88,2025-09-14,3666,90,0,1
user_88,2025-09-13,2954,116,0,1
user_88,2025-09-12,2427,134,0,1
user_88,2025-09-11,1335,113,0,1
user_88,2025-09-10,814,155,0,1
user_88,2025-09-09,2772,101,0,1
user_88,2025-09-08,942,159,0,1
user_88,2025-09-07,451,101,0,1
user_88,2025-09-06,932,72,0,1
user_88,2025-09-05,971,154,0,1
user_88,2025-09-04,1689,85,0,1
user_88,2025-09-03,1538,88,0,1
user_88,2025-09-02,301,120,0,1
user_88,2025-09-01,2396,122,0,1
user_89,2025-09-30,1785,78,0,1
user_89,2025-09-29,885,138,0,1
user_89,2025-09-28,1863,82,0,1
user_89,2025-09-27,1586,107,0,1
user_89,2025-09-26,558,118,0,1
user_89,2025-09-25,2948,84,0,1
user_89,2025-09-24,2588,105,0,1
user_89,2025-09-23,3995,94,0,1
user_89,2025-09-22,828,102,0,1
user_89,2025-09-21,521,64,0,1
user_89,2025-09-20,2835,132,0,1
user_89,2025-09-19,244,95,0,1
user_89,2025-09-18,559,74,0,1
user_89,2025-09-17,3488,119,0,1
user_89,2025-09-16,1878,113,0,1
user_89,2025-09-15,701,157,0,1
user_89,2025-09-14,1407,88,0,1
user_89,2025-09-13,3630,97,0,1
user_89,2025-09-12,2472,80,0,1
user_89,2025-09-11,3233,141,0,1
user_89,2025-09-10,3902,138,0,1
user_89,2025-09-09,3709,81,0,1
user_89,2025-09-08,2367,130,0,1
user_89,2025-09-07,3502,89,0,1
user_89,2025-09-06,354,112,0,1
user_89,2025-09-05,3510,126,0,1
user_89,2025-09-04,2003,87,0,1
user_89,2025-09-03,2423,120,0,1
user_89,2025-09-02,3428,119,0,1
user_89,2025-09-01,1143,61,0,1
user_90,2025-09-30,4041,91,0,0
user_90,2025-09-29,9493,88,1,0
user_90,2025-09-28,9695,79,1,0
user_90,2025-09-27,83,113,1,0
user_90,2025-09-26,656,120,1,0
user_90,2025-09-25,8261,64,0,0
user_90,2025-09-24,6460,121,1,0
user_90,2025-09-23,11413,72,0,0
user_90,2025-09-22,3940,70,0,0
user_90,2025-09-21,203,148,1,0
user_90,2025-09-20,3571,76,0,0
user_90,2025-09-19,3916,142,1,0
user_90,2025-09-18,260,121,0,0
user_90,2025-09-17,2650,150,0,0
user_90,2025-09-16,9345,155,0,0
user_90,2025-09-15,7452,119,1,0
user_90,2025-09-14,11520,111,0,0
user_90,2025-09-13,6068,140,0,0
user_90,2025-09-12,10377,60,1,0
user_90,2025-09-11,1158,109,1,0
user_90,2025-09-10,5454,127,0,0
user_90,2025-09-09,6977,156,0,0
user_90,2025-09-08,10035,129,0,0
user_90,2025-09-07,3393,160,0,0
user_90,2025-09-06,10165,102,1,0
user_90,2025-09-05,898,125,1,0
user_90,2025-09-04,11053,106,1,0
user_90,2025-09-03,1818,109,0,0
user_90,2025-09-02,10143,65,0,0
user_90,2025-09-01,2871,142,0,0
user_91,2025-09-30,2905,159,0,1
user_91,2025-09-29,838,77,0,1
user_91,2025-09-28,1371,90,0,1
user_91,2025-09-27,2210,74,0,1
user_91,2025-09-26,2658,121,0,1
user_91,2025-09-25,3020,156,0,1
user_91,2025-09-24,2376,149,0,1
user_91,2025-09-23,859,156,0,1
user_91,2025-09-22,3051,157,0,1
user_91,2025-09-21,923,101,0,1
user_91,2025-09-20,1444,94,0,1
user_91,2025-09-19,2062,147,0,1
user_91,2025-09-18,1732,95,0,1
user_91,2025-09-17,223,68,0,1
user_91,2025-09-16,1527,104,0,1
user_91,2025-09-15,1853,122,0,1
user_91,2025-09-14,2053,127,0,1
user_91,2025-09-13,3397,75,0,1
user_91,2025-09-12,1925,150,0,1
user_91,2025-09-11,2178,146,0,1
user_91,2025-09-10,3380,128,0,1
user_91,2025-09-09,3684,97,0,1
user_91,2025-09-08,1851,139,0,1
user_91,2025-09-07,1507,146,0,1
user_91,2025-09-06,3872,148,0,1
user_91,2025-09-05,3312,68,0,1
user_91,2025-09-04,771,118,0,1
user_91,2025-09-03,357,70,0,1
user_91,2025-09-02,1600,82,0,1
user_91,2025-09-01,1181,69,0,1
user_92,2025-09-30,1130,74,0,1
user_92,2025-09-29,2855,78,0,1
user_92,2025-09-28,2032,79,0,1
user_92,2025-09-27,3583,86,0,1
user_92,2025-09-26,2132,140,0,1
user_92,2025-09-25,92,97,0,1
user_92,2025-09-24,1706,147,0,1
user_92,2025-09-23,2217,76,0,1
user_92,2025-09-22,1941,104,0,1
user_92,2025-09-21,1720,116,0,1
user_92,2025-09-20,3021,142,0,1
user_92,2025-09-19,87,97,0,1
user_92,2025-09-18,774,68,0,1
user_92,2025-09-17,90,89,0,1
user_92,2025-09-16,3419,126,0,1
user_92,2025-09-15,2640,102,0,1
user_92,2025-09-14,1686,134,0,1
user_92,2025-09-13,1404,143,0,1
user_92,2025-09-12,2646,160,0,1
user_92,2025-09-11,1336,122,0,1
user_92,2025-09-10,2430,145,0,1
user_92,2025-09-09,2854,127,0,1
user_92,2025-09-08,3448,130,0,1
user_92,2025-09-07,1823,118,0,1
user_92,2025-09-06,1245,132,0,1
user_92,2025-09-05,540,99,0,1
user_92,2025-09-04,703,93,0,1
user_92,2025-09-03,928,121,0,1
user_92,2025-09-02,1523,96,0,1
user_92,2025-09-01,3152,66,0,1
user_93,2025-09-30,1164,118,0,1
user_93,2025-09-29,3916,81,0,1
user_93,2025-09-28,2533,80,0,1
user_93,2025-09-27,2915,128,0,1
user_93,2025-09-26,1168,83,0,1
user_93,2025-09-25,3986,82,0,1
user_93,2025-09-24,3437,150,0,1
user_93,2025-09-23,2837,145,0,1
user_93,2025-09-22,3254,79,0,1
user_93,2025-09-21,660,90,0,1
user_93,2025-09-20,478,65,0,1
user_93,2025-09-19,1296,133,0,1
user_93,2025-09-18,518,116,0,1
user_93,2025-09-17,1066,107,0,1
user_93,2025-09-16,755,86,0,1
user_93,2025-09-15,2303,150,0,1
user_93,2025-09-14,142,145,0,1
user_93,2025-09-13,1298,104,0,1
user_93,2025-09-12,605,107,0,1
user_93,2025-09-11,1836,129,0,1
user_93,2025-09-10,3995,80,0,1
user_93,2025-09-09,2185,98,0,1
user_93,2025-09-08,497,63,0,1
user_93,2025-09-07,1657,123,0,1
user_93,2025-09-06,3147,78,0,1
user_93,2025-09-05,3882,118,0,1
user_93,2025-09-04,3800,100,0,1
user_93,2025-09-03,639,60,0,1
user_93,2025-09-02,3973,154,0,1
user_93,2025-09-01,2237,124,0,1
user_94,2025-09-30,11558,97,0,0
user_94,2025-09-29,4748,156,1,0
user_94,2025-09-28,9399,145,0,0
user_94,2025-09-27,9260,153,1,0
user_94,2025-09-26,7243,103,0,0
user_94,2025-09-25,11987,121,1,0
user_94,2025-09-24,2284,146,0,0
user_94,2025-09-23,5047,63,0,0
user_94,2025-09-22,3610,117,0,0
user_94,2025-09-21,5347,67,0,0
user_94,2025-09-20,3197,134,0,0
user_94,2025-09-19,4553,85,0,0
user_94,2025-09-18,8821,117,0,0
user_94,2025-09-17,1431,125,0,0
user_94,2025-09-16,8035,100,0,0
user_94,2025-09-15,8381,67,1,0
user_94,2025-09-14,5915,110,0,0
user_94,2025-09-13,7006,107,0,0
user_94,2025-09-12,199,96,0,0
user_94,2025-09-11,5047,117,1,0
user_94,2025-09-10,1435,87,1,0
user_94,2025-09-09,7278,154,1,0
user_94,2025-09-08,7249,96,0,0
user_94,2025-09-07,11927,114,1,0
user_94,2025-09-06,6786,77,1,0
user_94,2025-09-05,9796,71,0,0
user_94,2025-09-04,4968,120,1,0
user_94,2025-09-03,8606,102,0,0
user_94,2025-09-02,9677,156,0,0
user_94,2025-09-01,108,112,0,0
user_95,2025-09-30,2865,131,0,0
user_95,2025-09-29,9304,156,1,0
user_95,2025-09-28,3264,83,1,0
user_95,2025-09-27,4742,130,0,0
user_95,2025-09-26,4947,134,0,0
user_95,2025-09-25,9163,154,0,0
user_95,2025-09-24,439,60,0,0
user_95,2025-09-23,4917,141,1,0
user_95,2025-09-22,7742,75,0,0
user_95,2025-09-21,4713,113,0,0
user_95,2025-09-20,11269,142,0,0
user_95,2025-09-19,1955,157,0,0
user_95,2025-09-18,1093,136,1,0
user_95,2025-09-17,9520,121,0,0
user_95,2025-09-16,4225,140,0,0
user_95,2025-09-15,11374,75,0,0
user_95,2025-09-14,9425,62,1,0
user_95,2025-09-13,2668,134,0,0
user_95,2025-09-12,5237,119,1,0
user_95,2025-09-11,2219,105,0,0
user_95,2025-09-10,4467,106,0,0
user_95,2025-09-09,5832,66,0,0
user_95,2025-09-08,8677,141,1,0
user_95,2025-09-07,8419,84,1,0
user_95,2025-09-06,3002,157,0,0
user_95,2025-09-05,2738,129,0,0
user_95,2025-09-04,5180,147,1,0
user_95,2025-09-03,4447,147,0,0
user_95,2025-09-02,5939,72,0,0
user_95,2025-09-01,5761,78,0,0
user_96,2025-09-30,6111,159,0,0
user_96,2025-09-29,5575,80,0,0
user_96,2025-09-28,2532,124,0,0
user_96,2025-09-27,3087,131,0,0
user_96,2025-09-26,8612,128,1,0
user_96,2025-09-25,11505,156,1,0
user_96,2025-09-24,6837,118,1,0
user_96,2025-09-23,1909,76,1,0
user_96,2025-09-22,7856,104,0,0
user_96,2025-09-21,5940,77,1,0
user_96,2025-09-20,9791,126,1,0
user_96,2025-09-19,5604,82,1,0
user_96,2025-09-18,471,155,1,0
user_96,2025-09-17,3643,76,1,0
user_96,2025-09-16,2332,148,0,0
user_96,2025-09-15,2053,86,0,0
user_96,2025-09-14,1287,114,0,0
user_96,2025-09-13,1830,69,0,0
user_96,2025-09-12,7934,156,0,0
user_96,2025-09-11,3217,73,0,0
user_96,2025-09-10,10809,125,0,0
user_96,2025-09-09,7685,75,1,0
user_96,2025-09-08,709,68,0,0
user_96,2025-09-07,168,156,0,0
user_96,2025-09-06,2028,137,0,0
user_96,2025-09-05,3277,83,0,0
user_96,2025-09-04,479,71,0,0
user_96,2025-09-03,4544,134,0,0
user_96,2025-09-02,2630,124,1,0
user_96,2025-09-01,10042,90,0,0
user_97,2025-09-30,3357,134,0,1
user_97,2025-09-29,3126,61,0,1
user_97,2025-09-28,2166,87,0,1
user_97,2025-09-27,2931,84,0,1
user_97,2025-09-26,3949,96,0,1
user_97,2025-09-25,703,156,0,1
user_97,2025-09-24,2200,60,0,1
user_97,2025-09-23,3987,152,0,1
user_97,2025-09-22,404,87,0,1
user_97,2025-09-21,3770,124,0,1
user_97,2025-09-20,3486,150,0,1
user_97,2025-09-19,1944,106,0,1
user_97,2025-09-18,2859,135,0,1
user_97,2025-09-17,758,116,0,1
user_97,2025-09-16,2758,73,0,1
user_97,2025-09-15,740,105,0,1
user_97,2025-09-14,1554,114,0,1
user_97,2025-09-13,877,125,0,1
user_97,2025-09-12,932,112,0,1
user_97,2025-09-11,462,157,0,1
user_97,2025-09-10,1287,75,0,1
user_97,2025-09-09,1908,74,0,1
user_97,2025-09-08,2128,77,0,1
user_97,2025-09-07,2030,157,0,1
user_97,2025-09-06,1479,150,0,1
user_97,2025-09-05,1180,131,0,1
user_97,2025-09-04,2957,65,0,1
user_97,2025-09-03,336,101,0,1
user_97,2025-09-02,2022,74,0,1
user_97,2025-09-01,1576,96,0,1
user_98,2025-09-30,5111,147,1,0
user_98,2025-09-29,7273,88,0,0
user_98,2025-09-28,4761,114,0,0
user_98,2025-09-27,1140,120,1,0
user_98,2025-09-26,6020,82,0,0
user_98,2025-09-25,11045,122,0,0
user_98,2025-09-24,6494,116,0,0
user_98,2025-09-23,11084,70,0,0
user_98,2025-09-22,6468,111,0,0
user_98,2025-09-21,1666,154,1,0
user_98,2025-09-20,2764,68,0,0
user_98,2025-09-19,3261,103,0,0
user_98,2025-09-18,6623,75,0,0
user_98,2025-09-17,6958,152,0,0
user_98,2025-09-16,11689,158,0,0
user_98,2025-09-15,4472,156,1,0
user_98,2025-09-14,10548,111,0,0
user_98,2025-09-13,10922,137,1,0
user_98,2025-09-12,7938,125,0,0
user_98,2025-09-11,7448,73,0,0
user_98,2025-09-10,8017,123,0,0
user_98,2025-09-09,2205,63,0,0
user_98,2025-09-08,865,68,0,0
user_98,2025-09-07,438,82,0,0
user_98,2025-09-06,11128,101,0,0
user_98,2025-09-05,10190,139,0,0
user_98,2025-09-04,1253,144,1,0
user_98,2025-09-03,8064,119,0,0
user_98,2025-09-02,10847,123,0,0
user_98,2025-09-01,4287,129,0,0
user_99,2025-09-30,8955,62,1,0
user_99,2025-09-29,517,115,1,0
user_99,2025-09-28,1951,109,0,0
user_99,2025-09-27,6165,116,0,0
user_99,2025-09-26,538,82,0,0
user_99,2025-09-25,4965,150,0,0
user_99,2025-09-24,7056,77,0,0
user_99,2025-09-23,6374,122,1,0
user_99,2025-09-22,9320,146,0,0
user_99,2025-09-21,9073,147,0,0
user_99,2025-09-20,7697,120,0,0
user_99,2025-09-19,2560,124,0,0
user_99,2025-09-18,4315,123,0,0
user_99,2025-09-17,6189,138,0,0
user_99,2025-09-16,4660,101,0,0
user_99,2025-09-15,9674,65,0,0
user_99,2025-09-14,6003,104,1,0
user_99,2025-09-13,9567,63,1,0
user_99,2025-09-12,10242,103,0,0
user_99,2025-09-11,7014,104,1,0
user_99,2025-09-10,6749,104,0,0
user_99,2025-09-09,4001,91,0,0
user_99,2025-09-08,5113,135,0,0
user_99,2025-09-07,11272,68,1,0
user_99,2025-09-06,1875,103,0,0
user_99,2025-09-05,8821,101,0,0
user_99,2025-09-04,10776,114,0,0
user_99,2025-09-03,6900,94,0,0
user_99,2025-09-02,7695,135,0,0
user_99,2025-09-01,5185,108,0,0
